>	run started	2020-03-31T17:08:42.327183
>>	brute-force	5	15	2020-03-31T17:08:42.329201
>>>	brute-force	5	15	2020-03-31T17:08:42.329201
pre-train:	0	0	II9XQXCZJ7	6PAHUKGO4N
sampled images from	0	TXK0NQYM3K	265.5930466526387
post-cross-train and match:	0	0	ZRD180Z8XS	TXK0NQYM3K	0.010443548912178479	0.014753515545183471	0.877486617975112	1.667677014256819
pre-train:	1	1	3R22WHUYOX	YINCB0VF5M
sampled images from	1	RZA9FRMXJY	331.97284671890566
post-cross-train and match:	1	1	MAPH07F33A	RZA9FRMXJY	0.006996691544681215	0.007907219798436194	0.9806089948266054	0.05
pre-train:	2	2	MLM2KO3HNU	3Z6Q3KWZ5U
sampled images from	2	EOKTNKJU9H	309.04052351623375
post-cross-train and match:	2	2	VD5BSTCWNF	EOKTNKJU9H	0.0002190724873085266	0.00018458114998227209	0.999980803082385	0.05
pre-train:	3	3	RY739U3VL5	2AK2SX7CHG
sampled images from	3	Z99G6B6S88	149.25397030127192
post-cross-train and match:	3	3	XKIJQ1246C	Z99G6B6S88	0.06290140512909716	0.24964301961698512	0.01	19.9999999997017
pre-train:	4	4	CJ3TQQI3LN	7MWJOOR874
sampled images from	4	AUEDIQ8AV4	147.555147235645
post-cross-train and match:	4	4	I1QXHKFOO0	AUEDIQ8AV4	0.036736012839559296	0.028515152659005068	0.421026531032479	5.553001147955669
<<<	brute-force	2020-03-31T18:07:08.048826
<<	brute-force	2020-03-31T18:07:08.048826
<	run completed	2020-03-31T18:07:08.085022
>	run started	2020-03-31T18:29:23.377092
>>	chain evolve started. parameters:	3	3	time:	2020-03-31T18:29:23.379862
>>>	cross-train	['FE70XTE3NM', '74CVXZCT1K', 'GDELGJUNDV']	['3I2720Q53K', '4TE04PEVK4', 'NZVLLCRQFR']	light	1	2020-03-31T18:29:24.984913
pre-train:	0	0	FE70XTE3NM	3I2720Q53K
sampled images from	0	G9JUPJ0EWL	274.2514988742494
post-cross-train and match:	0	0	JTX818QOZ1	G9JUPJ0EWL	0.2535078815305665	0.3079169156518318	0.01	20.0
pre-train:	0	1	JTX818QOZ1	4TE04PEVK4
sampled images from	1	APIF9C0DYS	410.5953626545827
post-cross-train and match:	0	1	NIOG7FWP1M	APIF9C0DYS	0.16785472961885334	0.07384168200973254	0.01	17.74151401026569
pre-train:	0	2	NIOG7FWP1M	NZVLLCRQFR
sampled images from	2	JPS6DEZ6YJ	332.81537646933714
post-cross-train and match:	0	2	GNARIUIW40	JPS6DEZ6YJ	0.31909624307648715	0.06286398630771937	0.01	15.88359601213126
pre-train:	1	0	74CVXZCT1K	G9JUPJ0EWL
sampled images from	0	146AB6025V	266.6693631680666
post-cross-train and match:	1	0	YERLOZW22O	146AB6025V	0.2557395714432446	0.4698101706914048	0.01	20.0
pre-train:	1	1	YERLOZW22O	APIF9C0DYS
sampled images from	1	GCCR0F6UHH	412.07051440163673
post-cross-train and match:	1	1	Y01PB96R9W	GCCR0F6UHH	0.06059220102804302	0.1469621867545124	0.01	19.99645926682151
pre-train:	1	2	Y01PB96R9W	JPS6DEZ6YJ
sampled images from	2	9Z7SDNQRZJ	243.65474775671555
post-cross-train and match:	1	2	809MBJEGD2	9Z7SDNQRZJ	0.2017010574910178	0.12020127631739767	0.01	19.938184828911623
pre-train:	2	0	GDELGJUNDV	146AB6025V
sampled images from	0	S052YQGOYV	276.57117220309885
post-cross-train and match:	2	0	VYN6GHX97P	S052YQGOYV	0.4699245412021812	0.4893227389245145	0.01	20.0
pre-train:	2	1	VYN6GHX97P	GCCR0F6UHH
sampled images from	1	I7FQ7EA9R0	338.66955730991424
post-cross-train and match:	2	1	JT43M905NY	I7FQ7EA9R0	0.0022409717157197153	0.814213321343668	0.01	20.0
pre-train:	2	2	JT43M905NY	9Z7SDNQRZJ
sampled images from	2	DOZYXXX5JC	194.040891291913
post-cross-train and match:	2	2	TFE15J7Z51	DOZYXXX5JC	0.4428919748520292	0.16790499938512915	0.01	19.999746742361616
final cross-match:	0	0	GNARIUIW40	S052YQGOYV	0.3190261013090992	0.45110287626923273	0.01	20.0
final cross-match:	0	1	GNARIUIW40	I7FQ7EA9R0	0.31906778363785	0.12291811900670087	0.01	19.95253740341751
final cross-match:	0	2	GNARIUIW40	DOZYXXX5JC	0.3190085851053185	0.6509996257992442	0.01	20.0
final cross-match:	1	0	809MBJEGD2	S052YQGOYV	0.20184234127815345	0.0014301417139805615	0.01	0.05
final cross-match:	1	1	809MBJEGD2	I7FQ7EA9R0	0.20154053284161128	2.7569216186255675e-05	0.01	0.05
final cross-match:	1	2	809MBJEGD2	DOZYXXX5JC	0.2016833675568546	0.11364476685759736	0.01	19.885859021384498
final cross-match:	2	0	TFE15J7Z51	S052YQGOYV	0.442926647089946	0.0028335621380912407	0.01	0.05
final cross-match:	2	1	TFE15J7Z51	I7FQ7EA9R0	0.44315678373709927	0.0005623765079975267	0.01	0.05
final cross-match:	2	2	TFE15J7Z51	DOZYXXX5JC	0.44302570101803046	0.16885326004454068	0.01	19.999777111095675
<<<	cross-train	2020-03-31T18:37:09.409936
>>>	evolve_in_population	['GNARIUIW40', '809MBJEGD2', 'TFE15J7Z51']	['S052YQGOYV', 'I7FQ7EA9R0', 'DOZYXXX5JC']	9	2020-03-31T18:37:09.411549
current tag/fitness tables	['GNARIUIW40', '809MBJEGD2', 'TFE15J7Z51']	['S052YQGOYV', 'I7FQ7EA9R0', 'DOZYXXX5JC']	[1.0, 1.0, 1.0]	[1.0, 1.0, 1.0]
infection attempt:	1	0	809MBJEGD2	S052YQGOYV	0.20149548742562723	0.0014851660187691768	0.01	0.05
infection failed, current host state:	[]	{'DOZYXXX5JC': 0.11364476685759736}	1	0.01
current tag/fitness tables	['GNARIUIW40', '809MBJEGD2', 'TFE15J7Z51']	['S052YQGOYV', 'I7FQ7EA9R0', 'DOZYXXX5JC']	[1.0, 0.01, 1.0]	[1.0, 1.0, 1.0]
infection attempt:	0	1	GNARIUIW40	I7FQ7EA9R0	0.31917344468997233	0.12408378616229558	0.01	19.957700589186853
infection successful, current host state:	[1]	{'I7FQ7EA9R0': 0.12408378616229558}	0	0.01
full infection
sampled images from	1	V3JJ5NQFOW	217.89385957048077
post-infection	0	1	3VIIRYMYBR	V3JJ5NQFOW	0.22417586107752216	0.16573934694692524	0.01	19.999661870018922
current tag/fitness tables	['3VIIRYMYBR', '809MBJEGD2', 'TFE15J7Z51']	['S052YQGOYV', 'V3JJ5NQFOW', 'DOZYXXX5JC']	[0.01, 0.01, 1.0]	[1.0, 19.999661870018922, 1.0]
infection attempt:	2	1	TFE15J7Z51	V3JJ5NQFOW	0.4428455864252058	0.006621784060947232	0.01	0.05
infection failed, current host state:	[]	{'DOZYXXX5JC': 0.16885326004454068}	2	0.01
current tag/fitness tables	['3VIIRYMYBR', '809MBJEGD2', 'TFE15J7Z51']	['S052YQGOYV', 'V3JJ5NQFOW', 'DOZYXXX5JC']	[0.01, 0.01, 0.01]	[1.0, 19.999661870018922, 1.0]
infection attempt:	1	1	809MBJEGD2	V3JJ5NQFOW	0.20138915928442086	0.010096410027782578	0.01	0.05
infection failed, current host state:	[]	{'DOZYXXX5JC': 0.11364476685759736}	1	0.01
current tag/fitness tables	['3VIIRYMYBR', '809MBJEGD2', 'TFE15J7Z51']	['S052YQGOYV', 'V3JJ5NQFOW', 'DOZYXXX5JC']	[0.01, 0.01, 0.01]	[1.0, 19.999661870018922, 1.0]
infection attempt:	0	1	3VIIRYMYBR	V3JJ5NQFOW	0.22390459029913456	0.16775821285969666	0.01	19.99974170156564
infection successful, current host state:	[1]	{'V3JJ5NQFOW': 0.16775821285969666}	0	0.01
full infection
sampled images from	1	GA092GR4YE	192.0975829753316
post-infection	0	1	FJWASKXXBT	GA092GR4YE	0.03536318023321725	0.08553661052177329	0.03248988391333696	18.92842709072973
current tag/fitness tables	['FJWASKXXBT', '809MBJEGD2', 'TFE15J7Z51']	['S052YQGOYV', 'GA092GR4YE', 'DOZYXXX5JC']	[0.03248988391333696, 0.01, 0.01]	[1.0, 18.92842709072973, 1.0]
infection attempt:	1	0	809MBJEGD2	S052YQGOYV	0.2015015928348753	0.0014748277638712204	0.01	0.05
infection failed, current host state:	[]	{'DOZYXXX5JC': 0.11364476685759736}	1	0.01
current tag/fitness tables	['FJWASKXXBT', '809MBJEGD2', 'TFE15J7Z51']	['S052YQGOYV', 'GA092GR4YE', 'DOZYXXX5JC']	[0.03248988391333696, 0.01, 0.01]	[1.0, 18.92842709072973, 1.0]
infection attempt:	0	1	FJWASKXXBT	GA092GR4YE	0.03532827415191797	0.08389647261324976	0.036345603602637055	18.802441349237636
infection successful, current host state:	[1]	{'GA092GR4YE': 0.08389647261324976}	0	0.036345603602637055
full infection
sampled images from	1	NK07TECIEO	179.9784200155437
post-infection	0	1	7IDNKNM3UJ	NK07TECIEO	0.014760680989161737	0.6679235841673828	0.01	20.0
current tag/fitness tables	['7IDNKNM3UJ', '809MBJEGD2', 'TFE15J7Z51']	['S052YQGOYV', 'NK07TECIEO', 'DOZYXXX5JC']	[0.01, 0.01, 0.01]	[1.0, 20.0, 1.0]
infection attempt:	0	1	7IDNKNM3UJ	NK07TECIEO	0.014662588011227183	0.670123014781775	0.01	20.0
infection successful, current host state:	[1]	{'NK07TECIEO': 0.670123014781775}	0	0.01
full infection
sampled images from	1	GIIX8EIQ1Q	183.55369701852274
post-infection	0	1	FXQBPXUZQ8	GIIX8EIQ1Q	0.3005413307246369	0.16065342090467907	0.01	19.999343164128526
current tag/fitness tables	['FXQBPXUZQ8', '809MBJEGD2', 'TFE15J7Z51']	['S052YQGOYV', 'GIIX8EIQ1Q', 'DOZYXXX5JC']	[0.01, 0.01, 0.01]	[1.0, 19.999343164128526, 1.0]
infection attempt:	1	1	809MBJEGD2	GIIX8EIQ1Q	0.20188617630045552	0.280333233635817	0.01	19.999999999999552
infection successful, current host state:	[1]	{'GIIX8EIQ1Q': 0.280333233635817}	1	0.01
full infection
sampled images from	1	55TD53QTKB	179.2251944743279
post-infection	1	1	SW1B692QUQ	55TD53QTKB	0.4400651011067921	0.115020931672567	0.01	19.899358805350435
current tag/fitness tables	['FXQBPXUZQ8', 'SW1B692QUQ', 'TFE15J7Z51']	['S052YQGOYV', '55TD53QTKB', 'DOZYXXX5JC']	[0.01, 0.01, 0.01]	[1.0, 19.899358805350435, 1.0]
infection attempt:	1	1	SW1B692QUQ	55TD53QTKB	0.4401461101734816	0.11492230322188152	0.01	19.898441677293135
infection successful, current host state:	[1]	{'55TD53QTKB': 0.11492230322188152}	1	0.01
full infection
sampled images from	1	PZZTYL4NXO	198.70824926799972
post-infection	1	1	5EN8RJSD25	PZZTYL4NXO	0.029987471062999798	0.6754030484888853	0.01	20.0
current tag/fitness tables	['FXQBPXUZQ8', '5EN8RJSD25', 'TFE15J7Z51']	['S052YQGOYV', 'PZZTYL4NXO', 'DOZYXXX5JC']	[0.01, 0.01, 0.01]	[1.0, 20.0, 1.0]
infection attempt:	2	1	TFE15J7Z51	PZZTYL4NXO	0.4430647319885713	0.112308275685318	0.01	19.871204221492224
infection successful, current host state:	[1]	{'PZZTYL4NXO': 0.112308275685318}	2	0.01
full infection
sampled images from	1	UY74XF6R3A	145.41290129250928
post-infection	2	1	PMP4LL8T4X	UY74XF6R3A	0.5511275009115113	0.1951443681966013	0.01	19.999995151288225
current tag/fitness tables	['FXQBPXUZQ8', '5EN8RJSD25', 'PMP4LL8T4X']	['S052YQGOYV', 'UY74XF6R3A', 'DOZYXXX5JC']	[0.01, 0.01, 0.01]	[1.0, 19.999995151288225, 1.0]
infection attempt:	0	1	FXQBPXUZQ8	UY74XF6R3A	0.30034648167934497	0.023368222246776576	0.01	3.9243975131351583
infection successful, current host state:	[1]	{'UY74XF6R3A': 0.023368222246776576}	0	0.01
full infection
sampled images from	1	PGZSELSFID	149.4318132131488
post-infection	0	1	5GA7D2CUKL	PGZSELSFID	0.2851255103977504	0.1667868958067284	0.01	19.999705848368915
current tag/fitness tables	['5GA7D2CUKL', '5EN8RJSD25', 'PMP4LL8T4X']	['S052YQGOYV', 'PGZSELSFID', 'DOZYXXX5JC']	[0.01, 0.01, 0.01]	[1.0, 19.999705848368915, 1.0]
infection attempt:	1	2	5EN8RJSD25	DOZYXXX5JC	0.030073487174028017	0.03376658592146756	0.4413845525592809	7.3246477041260905
infection successful, current host state:	[1, 2]	{'DOZYXXX5JC': 0.03376658592146756}	1	0.4413845525592809
full infection
sampled images from	2	RI1GAQHR21	252.2869963379928
post-infection	1	2	ZCTY7IUAG1	RI1GAQHR21	0.0836127212306838	0.13226257983857254	0.01	19.981714076754006
sampled images from	0	S052YQGOYV	269.38776567515123
final cross-match:	0	0	5GA7D2CUKL	S052YQGOYV	0.28483397283279566	1.7151971842253336e-07	0.01	0.05
sampled images from	1	PGZSELSFID	138.13857982939862
final cross-match:	0	1	5GA7D2CUKL	PGZSELSFID	0.2852464977230853	0.1688677737278852	0.01	19.999777547670327
sampled images from	2	RI1GAQHR21	244.92105230426537
final cross-match:	0	2	5GA7D2CUKL	RI1GAQHR21	0.2849520108720133	0.00010357728172402664	0.01	0.05
final cross-match:	1	0	ZCTY7IUAG1	S052YQGOYV	0.08336805420389562	4.971028428234253e-05	0.01	0.05
final cross-match:	1	1	ZCTY7IUAG1	PGZSELSFID	0.08389313128202963	0.30888261833488306	0.01	20.0
final cross-match:	1	2	ZCTY7IUAG1	RI1GAQHR21	0.08383188477711383	0.1322356175655114	0.01	19.981661840060116
final cross-match:	2	0	PMP4LL8T4X	S052YQGOYV	0.5512048532523072	0.0006005460110521301	0.01	0.05
final cross-match:	2	1	PMP4LL8T4X	PGZSELSFID	0.5513213862424721	0.08368303867450147	0.01	18.785184894298983
final cross-match:	2	2	PMP4LL8T4X	RI1GAQHR21	0.5511956739463786	0.017239657235639628	0.01	2.241754186683453
<<<	evolve_in_population	2020-03-31T18:47:16.674731
>>>	cross-train	['64R8P3PUKG', 'GB2S5BK3LX', 'NA1XT0MPJ2']	['S052YQGOYV', 'PGZSELSFID', 'RI1GAQHR21']	PreLU	1	2020-03-31T18:47:16.676028
pre-train:	0	0	64R8P3PUKG	S052YQGOYV
sampled images from	0	2ZXZ35W8NL	249.87815420717558
post-cross-train and match:	0	0	4MF6WR89CC	2ZXZ35W8NL	0.2890557349999068	0.6231464967925919	0.01	20.0
pre-train:	0	1	4MF6WR89CC	PGZSELSFID
sampled images from	1	SSY8C2MV1D	206.70425556618108
post-cross-train and match:	0	1	MJFN74L8CL	SSY8C2MV1D	0.47620227402334275	0.37748774333295027	0.01	20.0
pre-train:	0	2	MJFN74L8CL	RI1GAQHR21
sampled images from	2	C1V0HW9QA7	409.2676644190258
post-cross-train and match:	0	2	P93YLWYUZL	C1V0HW9QA7	3.237885706968653e-05	6.7851219037019e-05	0.01	0.05
pre-train:	1	0	GB2S5BK3LX	2ZXZ35W8NL
sampled images from	0	T0D1L0P3OZ	265.3524581298584
post-cross-train and match:	1	0	CFF1AP6CDL	T0D1L0P3OZ	0.47392451264329555	0.5082346970783368	0.01	20.0
pre-train:	1	1	CFF1AP6CDL	SSY8C2MV1D
sampled images from	1	BD2RNYQMX4	251.26347315291122
post-cross-train and match:	1	1	0HUXZZZPG3	BD2RNYQMX4	0.39922838939278366	0.5985112872713411	0.01	20.0
pre-train:	1	2	0HUXZZZPG3	C1V0HW9QA7
sampled images from	2	MEGHQ1HTA4	231.44770379474426
post-cross-train and match:	1	2	004FMBVP8Y	MEGHQ1HTA4	0.017803316558602015	0.7131653606002011	0.01	20.0
pre-train:	2	0	NA1XT0MPJ2	T0D1L0P3OZ
sampled images from	0	7I4LQEXQ22	247.38490513414314
post-cross-train and match:	2	0	XRW5E7A23H	7I4LQEXQ22	0.4111050487454258	0.2575927997893616	0.01	19.99999999994055
pre-train:	2	1	XRW5E7A23H	BD2RNYQMX4
sampled images from	1	Q4SODNKFWE	169.29509445771467
post-cross-train and match:	2	1	8BHRF28X4G	Q4SODNKFWE	0.18496325942499042	0.07571799428795954	0.01	17.981314796861014
pre-train:	2	2	8BHRF28X4G	MEGHQ1HTA4
sampled images from	2	1PSL1A5KUK	348.0384083744988
post-cross-train and match:	2	2	XJA7XQA3AG	1PSL1A5KUK	0.031019752277240062	0.018349660077948433	0.5947738542784029	2.5201591837601582
final cross-match:	0	0	P93YLWYUZL	7I4LQEXQ22	3.160018402376154e-05	0.524837794604459	0.01	20.0
final cross-match:	0	1	P93YLWYUZL	Q4SODNKFWE	3.154045229019132e-05	0.9993692177699319	0.01	20.0
final cross-match:	0	2	P93YLWYUZL	1PSL1A5KUK	3.1882702414669205e-05	0.00017888300982434234	0.01	0.05
final cross-match:	1	0	004FMBVP8Y	7I4LQEXQ22	0.017731375023246065	0.17927326369228394	0.01	19.999947768717263
final cross-match:	1	1	004FMBVP8Y	Q4SODNKFWE	0.017763141439413464	0.8987032366332723	0.01	20.0
final cross-match:	1	2	004FMBVP8Y	1PSL1A5KUK	0.01778228692154386	0.02746729142090151	0.6516388832984127	5.209997668637464
final cross-match:	2	0	XJA7XQA3AG	7I4LQEXQ22	0.031063562644315937	0.017176762181542703	0.6041127457733431	2.2263715683189385
final cross-match:	2	1	XJA7XQA3AG	Q4SODNKFWE	0.030908455218333426	0.6909661179285314	0.01	20.0
final cross-match:	2	2	XJA7XQA3AG	1PSL1A5KUK	0.031023827315901895	0.018264781198660925	0.5954534651381034	2.4984161830491347
<<<	cross-train	2020-03-31T18:59:06.915214
>>>	evolve_in_population	['P93YLWYUZL', '004FMBVP8Y', 'XJA7XQA3AG']	['7I4LQEXQ22', 'Q4SODNKFWE', '1PSL1A5KUK']	9	2020-03-31T18:59:06.916246
current tag/fitness tables	['P93YLWYUZL', '004FMBVP8Y', 'XJA7XQA3AG']	['7I4LQEXQ22', 'Q4SODNKFWE', '1PSL1A5KUK']	[1.0, 1.0, 1.0]	[1.0, 1.0, 1.0]
infection attempt:	1	1	004FMBVP8Y	Q4SODNKFWE	0.01776333397893763	0.8980262301115594	0.01	20.0
infection successful, current host state:	[1]	{'Q4SODNKFWE': 0.8980262301115594}	1	0.01
full infection
sampled images from	1	YIQGYCZBO3	165.48006023019815
post-infection	1	1	9WMC9TW1BI	YIQGYCZBO3	0.4707036783763849	0.11106240399864944	0.01	19.85603869909359
current tag/fitness tables	['P93YLWYUZL', '9WMC9TW1BI', 'XJA7XQA3AG']	['7I4LQEXQ22', 'YIQGYCZBO3', '1PSL1A5KUK']	[1.0, 0.01, 1.0]	[1.0, 19.85603869909359, 1.0]
infection attempt:	0	1	P93YLWYUZL	YIQGYCZBO3	3.0484090227562226e-05	0.9987572357217386	0.01	20.0
infection successful, current host state:	[1]	{'YIQGYCZBO3': 0.9987572357217386}	0	0.01
full infection
sampled images from	1	5WNARJ5BQZ	148.43826765989252
post-infection	0	1	S4VW19K7PQ	5WNARJ5BQZ	0.09240818926012084	0.48400983474910386	0.01	20.0
current tag/fitness tables	['S4VW19K7PQ', '9WMC9TW1BI', 'XJA7XQA3AG']	['7I4LQEXQ22', '5WNARJ5BQZ', '1PSL1A5KUK']	[0.01, 0.01, 1.0]	[1.0, 20.0, 1.0]
infection attempt:	2	1	XJA7XQA3AG	5WNARJ5BQZ	0.03097771041428865	0.6934467999538633	0.01	20.0
infection successful, current host state:	[1]	{'5WNARJ5BQZ': 0.6934467999538633}	2	0.01
full infection
sampled images from	1	B924EU5MO2	150.23457055110345
post-infection	2	1	G1GBJ4GUUN	B924EU5MO2	0.14772058912177585	0.020891562103232276	0.01	3.2038561603420708
current tag/fitness tables	['S4VW19K7PQ', '9WMC9TW1BI', 'G1GBJ4GUUN']	['7I4LQEXQ22', 'B924EU5MO2', '1PSL1A5KUK']	[0.01, 0.01, 0.01]	[1.0, 3.2038561603420708, 1.0]
infection attempt:	2	1	G1GBJ4GUUN	B924EU5MO2	0.1479733129427123	0.02060988051459384	0.01	3.1251321836343453
infection successful, current host state:	[1]	{'B924EU5MO2': 0.02060988051459384}	2	0.01
full infection
sampled images from	1	WC5M44U1QJ	158.8161580913142
post-infection	2	1	1AUEAPLI69	WC5M44U1QJ	0.06419809655085809	0.051452709794807025	0.06670263788160213	13.063622005553412
current tag/fitness tables	['S4VW19K7PQ', '9WMC9TW1BI', '1AUEAPLI69']	['7I4LQEXQ22', 'WC5M44U1QJ', '1PSL1A5KUK']	[0.01, 0.01, 0.06670263788160213]	[1.0, 13.063622005553412, 1.0]
infection attempt:	2	1	1AUEAPLI69	WC5M44U1QJ	0.06430059537958743	0.05224691582386936	0.06420188471983446	13.288407948690901
infection successful, current host state:	[1]	{'WC5M44U1QJ': 0.05224691582386936}	2	0.06420188471983446
full infection
sampled images from	1	EFVECRP4K2	200.743618086978
post-infection	2	1	04KQPYLAKD	EFVECRP4K2	0.008628352682219386	0.02606974910102737	0.7396101061035668	4.760670605911343
current tag/fitness tables	['S4VW19K7PQ', '9WMC9TW1BI', '04KQPYLAKD']	['7I4LQEXQ22', 'EFVECRP4K2', '1PSL1A5KUK']	[0.01, 0.01, 0.7396101061035668]	[1.0, 4.760670605911343, 1.0]
infection attempt:	2	1	04KQPYLAKD	EFVECRP4K2	0.008651434930402841	0.026176831371256155	0.7378390771523649	4.794736157981385
infection successful, current host state:	[1]	{'EFVECRP4K2': 0.026176831371256155}	2	0.7378390771523649
full infection
sampled images from	1	P8YAMPS9EC	165.28869665810612
post-infection	2	1	U5IMJ5IZ5H	P8YAMPS9EC	0.12649007297273893	0.0914976062384178	0.01	19.29741754106113
current tag/fitness tables	['S4VW19K7PQ', '9WMC9TW1BI', 'U5IMJ5IZ5H']	['7I4LQEXQ22', 'P8YAMPS9EC', '1PSL1A5KUK']	[0.01, 0.01, 0.01]	[1.0, 19.29741754106113, 1.0]
infection attempt:	0	1	S4VW19K7PQ	P8YAMPS9EC	0.0921697727779844	0.2032165944989302	0.01	19.999998660295432
infection successful, current host state:	[1]	{'P8YAMPS9EC': 0.2032165944989302}	0	0.01
full infection
sampled images from	1	G8868GDW24	126.6189114386869
post-infection	0	1	86WORY1WY1	G8868GDW24	0.02341945167543537	0.05005616758630347	0.29474749094605657	12.658932205154754
current tag/fitness tables	['86WORY1WY1', '9WMC9TW1BI', 'U5IMJ5IZ5H']	['7I4LQEXQ22', 'G8868GDW24', '1PSL1A5KUK']	[0.29474749094605657, 0.01, 0.01]	[1.0, 12.658932205154754, 1.0]
infection attempt:	0	1	86WORY1WY1	G8868GDW24	0.023540676529727765	0.04954698657009329	0.3001037796855003	12.50848743088465
infection successful, current host state:	[1]	{'G8868GDW24': 0.04954698657009329}	0	0.3001037796855003
full infection
sampled images from	1	A75LSQW32U	154.84164708139178
post-infection	0	1	1P1OPCL0BA	A75LSQW32U	0.02851630521735657	0.18111591233309907	0.01	19.999959953016536
current tag/fitness tables	['1P1OPCL0BA', '9WMC9TW1BI', 'U5IMJ5IZ5H']	['7I4LQEXQ22', 'A75LSQW32U', '1PSL1A5KUK']	[0.01, 0.01, 0.01]	[1.0, 19.999959953016536, 1.0]
infection attempt:	0	1	1P1OPCL0BA	A75LSQW32U	0.028470439824468292	0.17965419103564229	0.01	19.99995054854463
infection successful, current host state:	[1]	{'A75LSQW32U': 0.17965419103564229}	0	0.01
full infection
sampled images from	1	QGFT0HVGWO	201.82280940430184
post-infection	0	1	9CDQYRLYF0	QGFT0HVGWO	0.16611021928695727	0.03375796139387211	0.01	7.3216946758027905
sampled images from	0	7I4LQEXQ22	228.3637721082328
final cross-match:	0	0	9CDQYRLYF0	7I4LQEXQ22	0.1664198757107578	3.709034150826894e-05	0.01	0.05
sampled images from	1	QGFT0HVGWO	189.08489153207495
final cross-match:	0	1	9CDQYRLYF0	QGFT0HVGWO	0.16660854811353215	0.03417571083203689	0.01	7.464801223486503
sampled images from	2	1PSL1A5KUK	362.9382530907439
final cross-match:	0	2	9CDQYRLYF0	1PSL1A5KUK	0.16637283461942856	3.979194405586593e-06	0.01	0.05
final cross-match:	1	0	9WMC9TW1BI	7I4LQEXQ22	0.4705914953179451	0.002039941518864374	0.01	0.05
final cross-match:	1	1	9WMC9TW1BI	QGFT0HVGWO	0.470770718700596	0.06452928227322824	0.01	16.21849920981444
final cross-match:	1	2	9WMC9TW1BI	1PSL1A5KUK	0.4707194656642007	0.0009938785698322425	0.01	0.05
final cross-match:	2	0	U5IMJ5IZ5H	7I4LQEXQ22	0.12675084755110588	2.3205048105609013e-06	0.01	0.05
final cross-match:	2	1	U5IMJ5IZ5H	QGFT0HVGWO	0.12700575628260305	0.014456520515329231	0.01	1.6039516237496638
final cross-match:	2	2	U5IMJ5IZ5H	1PSL1A5KUK	0.12664750733101038	5.409453926105115e-07	0.01	0.05
<<<	evolve_in_population	2020-03-31T19:13:12.527602
>>>	cross-train	['TFIAUTAUUV', '3OEJGXIIXN', 'OHIE4YIGDA']	['7I4LQEXQ22', 'QGFT0HVGWO', '1PSL1A5KUK']	base	1	2020-03-31T19:13:12.528743
pre-train:	0	0	TFIAUTAUUV	7I4LQEXQ22
sampled images from	0	GRSJKEH89Z	227.12394071436353
post-cross-train and match:	0	0	FSC5M6CLYQ	GRSJKEH89Z	0.5999949350158797	0.45821914283324405	0.01	20.0
pre-train:	0	1	FSC5M6CLYQ	QGFT0HVGWO
sampled images from	1	PQ6AO22F71	176.98489636111225
post-cross-train and match:	0	1	7KC7634ZWR	PQ6AO22F71	0.45300039801516256	0.5031429204795914	0.01	20.0
pre-train:	0	2	7KC7634ZWR	1PSL1A5KUK
sampled images from	2	8XZRGD0CD7	193.17116362435888
post-cross-train and match:	0	2	OI794PM1ER	8XZRGD0CD7	0.1427172536788973	0.45507599222761735	0.01	20.0
pre-train:	1	0	3OEJGXIIXN	GRSJKEH89Z
sampled images from	0	PYXTR1B9CC	225.54432794118705
post-cross-train and match:	1	0	6IPSDBGUC9	PYXTR1B9CC	0.42737534737536137	0.5289700835117145	0.01	20.0
pre-train:	1	1	6IPSDBGUC9	PQ6AO22F71
sampled images from	1	P8NT1TUE9Z	233.63489477034855
post-cross-train and match:	1	1	5HJ4OJ120D	P8NT1TUE9Z	0.5731130250926211	0.42860946443670594	0.01	20.0
pre-train:	1	2	5HJ4OJ120D	8XZRGD0CD7
sampled images from	2	MZ4U1LEJ10	225.2404388914141
post-cross-train and match:	1	2	DCF05GB3JW	MZ4U1LEJ10	0.2978620179680619	0.5811692741888164	0.01	20.0
pre-train:	2	0	OHIE4YIGDA	PYXTR1B9CC
sampled images from	0	8LUZSFJ96R	237.80903742748205
post-cross-train and match:	2	0	NIJXQXXEXK	8LUZSFJ96R	0.6508832005486052	0.3349631356277954	0.01	20.0
pre-train:	2	1	NIJXQXXEXK	P8NT1TUE9Z
sampled images from	1	4RQJ0XVKAJ	183.65354050428084
post-cross-train and match:	2	1	M9VLZ29OIU	4RQJ0XVKAJ	0.527849404574203	0.4719843742435675	0.01	20.0
pre-train:	2	2	M9VLZ29OIU	MZ4U1LEJ10
sampled images from	2	6NTXGPHBF2	253.13119221700924
post-cross-train and match:	2	2	49RBGDYK34	6NTXGPHBF2	0.48057881064379393	0.4937147901637722	0.01	20.0
final cross-match:	0	0	OI794PM1ER	8LUZSFJ96R	0.14246674717616425	0.024480284749667274	0.01	4.262938478197283
final cross-match:	0	1	OI794PM1ER	4RQJ0XVKAJ	0.14278103255513888	0.19343124335603928	0.01	19.99999367199849
final cross-match:	0	2	OI794PM1ER	6NTXGPHBF2	0.14280441746528724	0.04766173613295436	0.01	11.938691912611091
final cross-match:	1	0	DCF05GB3JW	8LUZSFJ96R	0.297858229451088	0.3431803722943324	0.01	20.0
final cross-match:	1	1	DCF05GB3JW	4RQJ0XVKAJ	0.29791493958501675	0.48848257612572044	0.01	20.0
final cross-match:	1	2	DCF05GB3JW	6NTXGPHBF2	0.2978737072776884	0.5062728451767455	0.01	20.0
final cross-match:	2	0	49RBGDYK34	8LUZSFJ96R	0.480554638799828	0.48157242839651576	0.01	20.0
final cross-match:	2	1	49RBGDYK34	4RQJ0XVKAJ	0.4805770319090215	0.4830038419473908	0.01	20.0
final cross-match:	2	2	49RBGDYK34	6NTXGPHBF2	0.4805476322039358	0.49412462760263415	0.01	20.0
<<<	cross-train	2020-03-31T19:25:12.602914
>>>	evolve_in_population	['OI794PM1ER', 'DCF05GB3JW', '49RBGDYK34']	['8LUZSFJ96R', '4RQJ0XVKAJ', '6NTXGPHBF2']	9	2020-03-31T19:25:12.604031
current tag/fitness tables	['OI794PM1ER', 'DCF05GB3JW', '49RBGDYK34']	['8LUZSFJ96R', '4RQJ0XVKAJ', '6NTXGPHBF2']	[1.0, 1.0, 1.0]	[1.0, 1.0, 1.0]
infection attempt:	2	1	49RBGDYK34	4RQJ0XVKAJ	0.4805974280719818	0.4823022950242069	0.01	20.0
infection successful, current host state:	[1]	{'4RQJ0XVKAJ': 0.4823022950242069}	2	0.01
full infection
sampled images from	1	EYBERXPTBU	164.91090348544307
post-infection	2	1	L81BDQYB60	EYBERXPTBU	0.5582796188750501	0.41741809401430807	0.01	20.0
current tag/fitness tables	['OI794PM1ER', 'DCF05GB3JW', 'L81BDQYB60']	['8LUZSFJ96R', 'EYBERXPTBU', '6NTXGPHBF2']	[1.0, 1.0, 0.01]	[1.0, 20.0, 1.0]
infection attempt:	0	1	OI794PM1ER	EYBERXPTBU	0.14289173680836204	0.2981991666053404	0.01	19.999999999999993
infection successful, current host state:	[1]	{'EYBERXPTBU': 0.2981991666053404}	0	0.01
full infection
sampled images from	1	IP261M4EBQ	160.05829115926295
post-infection	0	1	KIE23ZCU4T	IP261M4EBQ	0.3938663757559079	0.16406135786888695	0.01	19.999578090357755
current tag/fitness tables	['KIE23ZCU4T', 'DCF05GB3JW', 'L81BDQYB60']	['8LUZSFJ96R', 'IP261M4EBQ', '6NTXGPHBF2']	[0.01, 1.0, 0.01]	[1.0, 19.999578090357755, 1.0]
infection attempt:	0	1	KIE23ZCU4T	IP261M4EBQ	0.3939899574401282	0.16451129019419267	0.01	19.999602316289952
infection successful, current host state:	[1]	{'IP261M4EBQ': 0.16451129019419267}	0	0.01
full infection
sampled images from	1	1RO11HPQGJ	144.69882152505303
post-infection	0	1	BIOBO4TEEP	1RO11HPQGJ	0.08609175326219246	0.2350838144959163	0.01	19.99999999498096
current tag/fitness tables	['BIOBO4TEEP', 'DCF05GB3JW', 'L81BDQYB60']	['8LUZSFJ96R', '1RO11HPQGJ', '6NTXGPHBF2']	[0.01, 1.0, 0.01]	[1.0, 19.99999999498096, 1.0]
infection attempt:	1	1	DCF05GB3JW	1RO11HPQGJ	0.29788277519028833	0.667541029166057	0.01	20.0
infection successful, current host state:	[1]	{'1RO11HPQGJ': 0.667541029166057}	1	0.01
full infection
sampled images from	1	64RPWF9LNS	165.35158054409752
post-infection	1	1	HTHHCPKXJY	64RPWF9LNS	0.565955310932863	0.4294208887734139	0.01	20.0
current tag/fitness tables	['BIOBO4TEEP', 'HTHHCPKXJY', 'L81BDQYB60']	['8LUZSFJ96R', '64RPWF9LNS', '6NTXGPHBF2']	[0.01, 0.01, 0.01]	[1.0, 20.0, 1.0]
infection attempt:	1	1	HTHHCPKXJY	64RPWF9LNS	0.5659380980264912	0.4297595760906175	0.01	20.0
infection successful, current host state:	[1]	{'64RPWF9LNS': 0.4297595760906175}	1	0.01
full infection
sampled images from	1	CDBD9004U2	144.37372285022144
post-infection	1	1	JPMW7JM3G1	CDBD9004U2	0.34931958681230607	0.4380591729365941	0.01	20.0
current tag/fitness tables	['BIOBO4TEEP', 'JPMW7JM3G1', 'L81BDQYB60']	['8LUZSFJ96R', 'CDBD9004U2', '6NTXGPHBF2']	[0.01, 0.01, 0.01]	[1.0, 20.0, 1.0]
infection attempt:	1	1	JPMW7JM3G1	CDBD9004U2	0.3495372920148154	0.4368014014733117	0.01	20.0
infection successful, current host state:	[1]	{'CDBD9004U2': 0.4368014014733117}	1	0.01
full infection
sampled images from	1	TL91SSKP4Z	99.72633515592582
post-infection	1	1	D9GS2ISE0K	TL91SSKP4Z	0.34639509190628526	0.13254755183355385	0.01	19.982257796966305
current tag/fitness tables	['BIOBO4TEEP', 'D9GS2ISE0K', 'L81BDQYB60']	['8LUZSFJ96R', 'TL91SSKP4Z', '6NTXGPHBF2']	[0.01, 0.01, 0.01]	[1.0, 19.982257796966305, 1.0]
infection attempt:	0	1	BIOBO4TEEP	TL91SSKP4Z	0.08595450981847767	0.07691980645791299	0.01	18.124135493407444
infection successful, current host state:	[1]	{'TL91SSKP4Z': 0.07691980645791299}	0	0.01
full infection
sampled images from	1	86410K3II6	141.7320574115252
post-infection	0	1	DM3B9X49RL	86410K3II6	0.010579873122640256	0.6685821839741298	0.01	20.0
current tag/fitness tables	['DM3B9X49RL', 'D9GS2ISE0K', 'L81BDQYB60']	['8LUZSFJ96R', '86410K3II6', '6NTXGPHBF2']	[0.01, 0.01, 0.01]	[1.0, 20.0, 1.0]
infection attempt:	1	1	D9GS2ISE0K	86410K3II6	0.3466764696752593	0.04594702370711036	0.01	11.404140115746673
infection successful, current host state:	[1]	{'86410K3II6': 0.04594702370711036}	1	0.01
full infection
sampled images from	1	2SD83A61BI	121.63354937850568
post-infection	1	1	GK6B27QETF	2SD83A61BI	0.05025542023847861	0.3635672536263588	0.01	20.0
current tag/fitness tables	['DM3B9X49RL', 'GK6B27QETF', 'L81BDQYB60']	['8LUZSFJ96R', '2SD83A61BI', '6NTXGPHBF2']	[0.01, 0.01, 0.01]	[1.0, 20.0, 1.0]
infection attempt:	0	2	DM3B9X49RL	6NTXGPHBF2	0.010656382991815172	1.423683031293731e-05	0.01	0.05
infection failed, current host state:	[1]	{'86410K3II6': 0.6685821839741298}	0	0.01
current tag/fitness tables	['DM3B9X49RL', 'GK6B27QETF', 'L81BDQYB60']	['8LUZSFJ96R', '2SD83A61BI', '6NTXGPHBF2']	[0.01, 0.01, 0.01]	[1.0, 20.0, 1.0]
infection attempt:	0	1	DM3B9X49RL	2SD83A61BI	0.010582453724163682	0.4953471195659658	0.01	20.0
infection successful, current host state:	[1]	{'2SD83A61BI': 0.4953471195659658}	0	0.01
full infection
sampled images from	1	65INKM8PWJ	128.2236229958059
post-infection	0	1	AZKDI642BF	65INKM8PWJ	0.05270474215052021	0.033368567762368205	0.2108727382196347	7.188441801359979
sampled images from	0	8LUZSFJ96R	241.55089321942657
final cross-match:	0	0	AZKDI642BF	8LUZSFJ96R	0.05290175558153246	1.8257782269228036e-08	0.2091250619903401	0.05
sampled images from	1	65INKM8PWJ	131.2400480282311
final cross-match:	0	1	AZKDI642BF	65INKM8PWJ	0.053129376315358856	0.03324090865855691	0.20782155951111814	7.144791368630487
sampled images from	2	6NTXGPHBF2	268.5621306085186
final cross-match:	0	2	AZKDI642BF	6NTXGPHBF2	0.05271272599570024	1.6000263995511922e-08	0.2115199843858263	0.05
final cross-match:	1	0	GK6B27QETF	8LUZSFJ96R	0.05009101410664475	5.284913414318806e-07	0.01	0.05
final cross-match:	1	1	GK6B27QETF	65INKM8PWJ	0.05022089834660609	0.052798966005412756	0.1195587045474037	13.442299886317228
final cross-match:	1	2	GK6B27QETF	6NTXGPHBF2	0.05022041973020476	3.3772018981804544e-06	0.1195610035811594	0.05
final cross-match:	2	0	L81BDQYB60	8LUZSFJ96R	0.5582609089262196	0.3647876566788281	0.01	20.0
final cross-match:	2	1	L81BDQYB60	65INKM8PWJ	0.5582692917031266	0.4266696599627863	0.01	20.0
final cross-match:	2	2	L81BDQYB60	6NTXGPHBF2	0.5582644609309463	0.39131944459765705	0.01	20.0
<<<	evolve_in_population	2020-03-31T19:39:11.137010
<<	chain evolve	2020-03-31T19:39:11.137010
<	run completed	2020-03-31T19:39:11.222872
>	run started	2020-03-31T23:28:56.939073
>>	chain evolve started. parameters:	3	4	time:	2020-03-31T23:28:56.940880
>>>	cross-train	['WN2T1U1RJW', '381WE57NZD', 'T8CGUQADMR']	['H4OSJ58JWH', 'E03SX7LVIV', 'OF8KNR7QTN', 'NH5UILITZ5']	light	1	2020-03-31T23:28:58.554300
pre-train:	0	0	WN2T1U1RJW	H4OSJ58JWH
sampled images from	0	GK25M8FKPE	282.7976917579423
post-cross-train and match:	0	0	DXDH1EJV8E	GK25M8FKPE	0.10077362286764929	0.230445457245114	0.01	19.999999988095045
pre-train:	0	1	DXDH1EJV8E	E03SX7LVIV
sampled images from	1	D4UE2LHB4B	394.6441372962521
post-cross-train and match:	0	1	09K3KG7P94	D4UE2LHB4B	0.08449502120902544	0.04417794701784277	0.0263459729543829	10.838079003540377
pre-train:	0	2	09K3KG7P94	OF8KNR7QTN
sampled images from	2	7FRSLJAGYE	331.61448870903973
post-cross-train and match:	0	2	2SDD9V2J9P	7FRSLJAGYE	0.17526500070018808	0.2882026456344102	0.01	19.999999999999925
pre-train:	0	3	2SDD9V2J9P	NH5UILITZ5
sampled images from	3	PI3FMZ27VM	466.4599235986614
post-cross-train and match:	0	3	SA71XB33LU	PI3FMZ27VM	8.871401550927396e-05	0.0006091054017307546	0.01	0.05
pre-train:	1	0	381WE57NZD	GK25M8FKPE
sampled images from	0	HB1ZXR7MSP	281.2633790053908
post-cross-train and match:	1	0	CK0U3PT5VU	HB1ZXR7MSP	0.34595501588097516	0.4367332573193731	0.01	20.0
pre-train:	1	1	CK0U3PT5VU	D4UE2LHB4B
sampled images from	1	IHCDKVNEOR	493.4554732570439
post-cross-train and match:	1	1	7TGK7M1Z6O	IHCDKVNEOR	0.00021947497752175402	0.0006399647122857644	0.01	0.05
pre-train:	1	2	7TGK7M1Z6O	7FRSLJAGYE
sampled images from	2	6I6RW7NMRA	235.85898061081224
post-cross-train and match:	1	2	VXUDNVKJ2U	6I6RW7NMRA	0.13744425405063102	0.32008855326025726	0.01	20.0
pre-train:	1	3	VXUDNVKJ2U	PI3FMZ27VM
sampled images from	3	XBVYKH50D1	409.00926395305373
post-cross-train and match:	1	3	QVIFWLE7ZQ	XBVYKH50D1	0.0	1.0	0.01	20.0
pre-train:	2	0	T8CGUQADMR	HB1ZXR7MSP
sampled images from	0	UILEMT54GH	291.48001427065765
post-cross-train and match:	2	0	QDEPVCFFOZ	UILEMT54GH	0.4203729586306411	0.585361840056458	0.01	20.0
pre-train:	2	1	QDEPVCFFOZ	IHCDKVNEOR
sampled images from	1	3RIRAPQQ8Y	401.38221918700214
post-cross-train and match:	2	1	UCN73H6RD0	3RIRAPQQ8Y	0.1192352434338283	0.10491888861316861	0.01	19.755235070774546
pre-train:	2	2	UCN73H6RD0	6I6RW7NMRA
sampled images from	2	2CED2673OB	227.67524435101717
post-cross-train and match:	2	2	LBPSW99ZRO	2CED2673OB	0.34638585954078477	0.356555975798859	0.01	20.0
pre-train:	2	3	LBPSW99ZRO	XBVYKH50D1
sampled images from	3	BNWK90S49O	339.6719789086982
post-cross-train and match:	2	3	FIMJUTWSH6	BNWK90S49O	0.0777408284927482	0.016227937615248187	0.08023520064692446	1.9996016203102673
final cross-match:	0	0	SA71XB33LU	UILEMT54GH	9.027409401021278e-05	0.0009400313067287683	0.01	0.05
final cross-match:	0	1	SA71XB33LU	3RIRAPQQ8Y	8.827460600114834e-05	9.489594017957949e-06	0.01	0.05
final cross-match:	0	2	SA71XB33LU	2CED2673OB	9.127332965956568e-05	0.9973475882874877	0.01	20.0
final cross-match:	0	3	SA71XB33LU	BNWK90S49O	9.135847915210195e-05	0.0005449884105597867	0.01	0.05
final cross-match:	1	0	QVIFWLE7ZQ	UILEMT54GH	0.0	1.0	0.01	20.0
final cross-match:	1	1	QVIFWLE7ZQ	3RIRAPQQ8Y	0.0	1.0	0.01	20.0
final cross-match:	1	2	QVIFWLE7ZQ	2CED2673OB	0.0	1.0	0.01	20.0
final cross-match:	1	3	QVIFWLE7ZQ	BNWK90S49O	0.0	1.0	0.01	20.0
final cross-match:	2	0	FIMJUTWSH6	UILEMT54GH	0.07766769448323037	0.5987346307364608	0.01	20.0
final cross-match:	2	1	FIMJUTWSH6	3RIRAPQQ8Y	0.07763809651962475	0.09755165782620086	0.01	19.555496835270482
final cross-match:	2	2	FIMJUTWSH6	2CED2673OB	0.07767835812273818	0.893723539833321	0.01	20.0
final cross-match:	2	3	FIMJUTWSH6	BNWK90S49O	0.07769006325491964	0.016183154178914357	0.08053558334504096	1.989147698101623
<<<	cross-train	2020-03-31T23:39:42.899645
>>>	evolve_in_population	['SA71XB33LU', 'QVIFWLE7ZQ', 'FIMJUTWSH6']	['UILEMT54GH', '3RIRAPQQ8Y', '2CED2673OB', 'BNWK90S49O']	12	2020-03-31T23:39:42.900513
current tag/fitness tables	['SA71XB33LU', 'QVIFWLE7ZQ', 'FIMJUTWSH6']	['UILEMT54GH', '3RIRAPQQ8Y', '2CED2673OB', 'BNWK90S49O']	[1.0, 1.0, 1.0]	[1.0, 1.0, 1.0, 1.0]
infection attempt:	0	3	SA71XB33LU	BNWK90S49O	9.135898750728127e-05	0.0005482370775573498	0.01	0.05
infection failed, current host state:	[]	{'2CED2673OB': 0.9973475882874877}	0	0.01
current tag/fitness tables	['SA71XB33LU', 'QVIFWLE7ZQ', 'FIMJUTWSH6']	['UILEMT54GH', '3RIRAPQQ8Y', '2CED2673OB', 'BNWK90S49O']	[0.01, 1.0, 1.0]	[1.0, 1.0, 1.0, 1.0]
infection attempt:	1	2	QVIFWLE7ZQ	2CED2673OB	0.0	1.0	0.01	20.0
infection successful, current host state:	[2]	{'2CED2673OB': 1.0}	1	0.01
full infection
sampled images from	2	VPKQ0SM4NP	228.396687040776
post-infection	1	2	FVOA210POA	VPKQ0SM4NP	0.0	1.0	0.01	20.0
current tag/fitness tables	['SA71XB33LU', 'FVOA210POA', 'FIMJUTWSH6']	['UILEMT54GH', '3RIRAPQQ8Y', 'VPKQ0SM4NP', 'BNWK90S49O']	[0.01, 0.01, 1.0]	[1.0, 1.0, 20.0, 1.0]
infection attempt:	2	2	FIMJUTWSH6	VPKQ0SM4NP	0.07763844715760969	0.8944432928618083	0.01	20.0
infection successful, current host state:	[2]	{'VPKQ0SM4NP': 0.8944432928618083}	2	0.01
full infection
sampled images from	2	HF0ZAB453N	195.53520256659328
post-infection	2	2	G0SCY4558D	HF0ZAB453N	0.3168916295586364	0.4611875694125954	0.01	20.0
current tag/fitness tables	['SA71XB33LU', 'FVOA210POA', 'G0SCY4558D']	['UILEMT54GH', '3RIRAPQQ8Y', 'HF0ZAB453N', 'BNWK90S49O']	[0.01, 0.01, 0.01]	[1.0, 1.0, 20.0, 1.0]
infection attempt:	2	2	G0SCY4558D	HF0ZAB453N	0.3168015233489242	0.4590732701805863	0.01	20.0
infection successful, current host state:	[2]	{'HF0ZAB453N': 0.4590732701805863}	2	0.01
full infection
sampled images from	2	XX086WZ4WM	146.99690210069357
post-infection	2	2	KNCRKNZUIH	XX086WZ4WM	0.1457802236461436	0.09339611855015825	0.01	19.38945404294919
current tag/fitness tables	['SA71XB33LU', 'FVOA210POA', 'KNCRKNZUIH']	['UILEMT54GH', '3RIRAPQQ8Y', 'XX086WZ4WM', 'BNWK90S49O']	[0.01, 0.01, 0.01]	[1.0, 1.0, 19.38945404294919, 1.0]
infection attempt:	1	2	FVOA210POA	XX086WZ4WM	0.0	1.0	0.01	20.0
infection successful, current host state:	[2]	{'XX086WZ4WM': 1.0}	1	0.01
full infection
sampled images from	2	WWZM6U6143	156.31815464720708
post-infection	1	2	1TG376BAQ3	WWZM6U6143	0.0	1.0	0.01	20.0
current tag/fitness tables	['SA71XB33LU', '1TG376BAQ3', 'KNCRKNZUIH']	['UILEMT54GH', '3RIRAPQQ8Y', 'WWZM6U6143', 'BNWK90S49O']	[0.01, 0.01, 0.01]	[1.0, 1.0, 20.0, 1.0]
infection attempt:	0	2	SA71XB33LU	WWZM6U6143	9.037881517715292e-05	0.9997150170396386	0.01	20.0
infection successful, current host state:	[2]	{'WWZM6U6143': 0.9997150170396386}	0	0.01
full infection
sampled images from	2	K7I6SF5VNH	181.4664432728735
post-infection	0	2	7ML7F3FY7T	K7I6SF5VNH	0.5115450778876794	0.4586655775239981	0.01	20.0
current tag/fitness tables	['7ML7F3FY7T', '1TG376BAQ3', 'KNCRKNZUIH']	['UILEMT54GH', '3RIRAPQQ8Y', 'K7I6SF5VNH', 'BNWK90S49O']	[0.01, 0.01, 0.01]	[1.0, 1.0, 20.0, 1.0]
infection attempt:	2	2	KNCRKNZUIH	K7I6SF5VNH	0.14582350068509198	0.005968598387033335	0.01	0.05
infection failed, current host state:	[]	{'XX086WZ4WM': 0.09339611855015825}	2	0.01
current tag/fitness tables	['7ML7F3FY7T', '1TG376BAQ3', 'KNCRKNZUIH']	['UILEMT54GH', '3RIRAPQQ8Y', 'K7I6SF5VNH', 'BNWK90S49O']	[0.01, 0.01, 0.01]	[1.0, 1.0, 20.0, 1.0]
infection attempt:	1	2	1TG376BAQ3	K7I6SF5VNH	0.0	1.0	0.01	20.0
infection successful, current host state:	[2]	{'K7I6SF5VNH': 1.0}	1	0.01
full infection
sampled images from	2	6XO3GB0D93	186.49418394418169
post-infection	1	2	3MNY0YIX10	6XO3GB0D93	0.0	1.0	0.01	20.0
current tag/fitness tables	['7ML7F3FY7T', '3MNY0YIX10', 'KNCRKNZUIH']	['UILEMT54GH', '3RIRAPQQ8Y', '6XO3GB0D93', 'BNWK90S49O']	[0.01, 0.01, 0.01]	[1.0, 1.0, 20.0, 1.0]
infection attempt:	1	2	3MNY0YIX10	6XO3GB0D93	0.0	1.0	0.01	20.0
infection successful, current host state:	[2]	{'6XO3GB0D93': 1.0}	1	0.01
full infection
sampled images from	2	PJ6JNRAL4R	156.22963581794042
post-infection	1	2	1Z7P496EPA	PJ6JNRAL4R	0.0	1.0	0.01	20.0
current tag/fitness tables	['7ML7F3FY7T', '1Z7P496EPA', 'KNCRKNZUIH']	['UILEMT54GH', '3RIRAPQQ8Y', 'PJ6JNRAL4R', 'BNWK90S49O']	[0.01, 0.01, 0.01]	[1.0, 1.0, 20.0, 1.0]
infection attempt:	2	2	KNCRKNZUIH	PJ6JNRAL4R	0.1458940983835314	0.005959853594715614	0.01	0.05
infection failed, current host state:	[]	{'XX086WZ4WM': 0.09339611855015825}	2	0.01
current tag/fitness tables	['7ML7F3FY7T', '1Z7P496EPA', 'KNCRKNZUIH']	['UILEMT54GH', '3RIRAPQQ8Y', 'PJ6JNRAL4R', 'BNWK90S49O']	[0.01, 0.01, 0.01]	[1.0, 1.0, 20.0, 1.0]
infection attempt:	2	2	KNCRKNZUIH	PJ6JNRAL4R	0.14582926911840052	0.006025078315992774	0.01	0.05
infection failed, current host state:	[]	{'XX086WZ4WM': 0.09339611855015825}	2	0.01
current tag/fitness tables	['7ML7F3FY7T', '1Z7P496EPA', 'KNCRKNZUIH']	['UILEMT54GH', '3RIRAPQQ8Y', 'PJ6JNRAL4R', 'BNWK90S49O']	[0.01, 0.01, 0.01]	[1.0, 1.0, 20.0, 1.0]
infection attempt:	2	2	KNCRKNZUIH	PJ6JNRAL4R	0.14607495533377884	0.006015934849848975	0.01	0.05
infection failed, current host state:	[]	{'XX086WZ4WM': 0.09339611855015825}	2	0.01
current tag/fitness tables	['7ML7F3FY7T', '1Z7P496EPA', 'KNCRKNZUIH']	['UILEMT54GH', '3RIRAPQQ8Y', 'PJ6JNRAL4R', 'BNWK90S49O']	[0.01, 0.01, 0.01]	[1.0, 1.0, 20.0, 1.0]
infection attempt:	1	2	1Z7P496EPA	PJ6JNRAL4R	0.0	1.0	0.01	20.0
infection successful, current host state:	[2]	{'PJ6JNRAL4R': 1.0}	1	0.01
full infection
sampled images from	2	95ONS9BPO2	162.0325844869112
post-infection	1	2	CSH7DZK4OQ	95ONS9BPO2	0.0	1.0	0.01	20.0
current tag/fitness tables	['7ML7F3FY7T', 'CSH7DZK4OQ', 'KNCRKNZUIH']	['UILEMT54GH', '3RIRAPQQ8Y', '95ONS9BPO2', 'BNWK90S49O']	[0.01, 0.01, 0.01]	[1.0, 1.0, 20.0, 1.0]
infection attempt:	2	2	KNCRKNZUIH	95ONS9BPO2	0.14584545438477733	0.006071345686767576	0.01	0.05
infection failed, current host state:	[]	{'XX086WZ4WM': 0.09339611855015825}	2	0.01
current tag/fitness tables	['7ML7F3FY7T', 'CSH7DZK4OQ', 'KNCRKNZUIH']	['UILEMT54GH', '3RIRAPQQ8Y', '95ONS9BPO2', 'BNWK90S49O']	[0.01, 0.01, 0.01]	[1.0, 1.0, 20.0, 1.0]
infection attempt:	1	2	CSH7DZK4OQ	95ONS9BPO2	0.0	1.0	0.01	20.0
infection successful, current host state:	[2]	{'95ONS9BPO2': 1.0}	1	0.01
full infection
sampled images from	2	DIQCZF2TCX	170.60056669114834
post-infection	1	2	YR8A8KZS9P	DIQCZF2TCX	0.0	1.0	0.01	20.0
current tag/fitness tables	['7ML7F3FY7T', 'YR8A8KZS9P', 'KNCRKNZUIH']	['UILEMT54GH', '3RIRAPQQ8Y', 'DIQCZF2TCX', 'BNWK90S49O']	[0.01, 0.01, 0.01]	[1.0, 1.0, 20.0, 1.0]
infection attempt:	0	2	7ML7F3FY7T	DIQCZF2TCX	0.5114282056339768	0.45803474941487504	0.01	20.0
infection successful, current host state:	[2]	{'DIQCZF2TCX': 0.45803474941487504}	0	0.01
full infection
sampled images from	2	IESGC29YY5	149.79149902011906
post-infection	0	2	0TQ3UNEB5G	IESGC29YY5	0.2884152748310235	0.3792615287275965	0.01	20.0
current tag/fitness tables	['0TQ3UNEB5G', 'YR8A8KZS9P', 'KNCRKNZUIH']	['UILEMT54GH', '3RIRAPQQ8Y', 'IESGC29YY5', 'BNWK90S49O']	[0.01, 0.01, 0.01]	[1.0, 1.0, 20.0, 1.0]
infection attempt:	0	3	0TQ3UNEB5G	BNWK90S49O	0.28839372292256304	0.00020467834769939778	0.01	0.05
infection failed, current host state:	[2]	{'IESGC29YY5': 0.3792615287275965}	0	0.01
current tag/fitness tables	['0TQ3UNEB5G', 'YR8A8KZS9P', 'KNCRKNZUIH']	['UILEMT54GH', '3RIRAPQQ8Y', 'IESGC29YY5', 'BNWK90S49O']	[0.01, 0.01, 0.01]	[1.0, 1.0, 20.0, 1.0]
infection attempt:	0	1	0TQ3UNEB5G	3RIRAPQQ8Y	0.28828194807333224	9.02681078983725e-05	0.01	0.05
infection failed, current host state:	[2]	{'IESGC29YY5': 0.3792615287275965}	0	0.01
current tag/fitness tables	['0TQ3UNEB5G', 'YR8A8KZS9P', 'KNCRKNZUIH']	['UILEMT54GH', '3RIRAPQQ8Y', 'IESGC29YY5', 'BNWK90S49O']	[0.01, 0.01, 0.01]	[1.0, 1.0, 20.0, 1.0]
infection attempt:	1	2	YR8A8KZS9P	IESGC29YY5	0.0	1.0	0.01	20.0
infection successful, current host state:	[2]	{'IESGC29YY5': 1.0}	1	0.01
full infection
sampled images from	2	4HL95IB8Z0	157.9117475715908
post-infection	1	2	L05U356JW0	4HL95IB8Z0	0.0	1.0	0.01	20.0
current tag/fitness tables	['0TQ3UNEB5G', 'L05U356JW0', 'KNCRKNZUIH']	['UILEMT54GH', '3RIRAPQQ8Y', '4HL95IB8Z0', 'BNWK90S49O']	[0.01, 0.01, 0.01]	[1.0, 1.0, 20.0, 1.0]
infection attempt:	2	2	KNCRKNZUIH	4HL95IB8Z0	0.14563037509094678	0.014649895020822154	0.01	1.645321449094079
infection successful, current host state:	[2]	{'4HL95IB8Z0': 0.014649895020822154}	2	0.01
full infection
sampled images from	2	TJGDBKWEUK	165.75640436473623
post-infection	2	2	SIAUYSL9MA	TJGDBKWEUK	0.3314329418800533	0.10055062409911329	0.01	19.649515546652957
sampled images from	0	UILEMT54GH	282.12586928915914
final cross-match:	0	0	0TQ3UNEB5G	UILEMT54GH	0.28842013445236026	6.594463991429304e-05	0.01	0.05
sampled images from	1	3RIRAPQQ8Y	396.19368168741573
final cross-match:	0	1	0TQ3UNEB5G	3RIRAPQQ8Y	0.28821572547019925	9.10714316094465e-05	0.01	0.05
sampled images from	2	TJGDBKWEUK	172.74320909469304
final cross-match:	0	2	0TQ3UNEB5G	TJGDBKWEUK	0.28831296600004247	0.15238658112408257	0.01	19.998150677215094
sampled images from	3	BNWK90S49O	348.21278264386206
final cross-match:	0	3	0TQ3UNEB5G	BNWK90S49O	0.28834432522371123	0.00020530403729827047	0.01	0.05
final cross-match:	1	0	L05U356JW0	UILEMT54GH	0.0	1.0	0.01	20.0
final cross-match:	1	1	L05U356JW0	3RIRAPQQ8Y	0.0	1.0	0.01	20.0
final cross-match:	1	2	L05U356JW0	TJGDBKWEUK	0.0	1.0	0.01	20.0
final cross-match:	1	3	L05U356JW0	BNWK90S49O	0.0	1.0	0.01	20.0
final cross-match:	2	0	SIAUYSL9MA	UILEMT54GH	0.33148441767133374	2.993738862307688e-08	0.01	0.05
final cross-match:	2	1	SIAUYSL9MA	3RIRAPQQ8Y	0.33152062348973776	5.990362339787074e-09	0.01	0.05
final cross-match:	2	2	SIAUYSL9MA	TJGDBKWEUK	0.3315293200806514	0.102927792225597	0.01	19.71117083534662
final cross-match:	2	3	SIAUYSL9MA	BNWK90S49O	0.33150646611571566	4.518580587262846e-08	0.01	0.05
<<<	evolve_in_population	2020-03-31T23:53:32.673499
>>>	cross-train	['GQNGSFDSQ5', '4MNOVLA9UY', '5A0THQK6MD']	['UILEMT54GH', '3RIRAPQQ8Y', 'TJGDBKWEUK', 'BNWK90S49O']	PreLU	1	2020-03-31T23:53:32.674680
pre-train:	0	0	GQNGSFDSQ5	UILEMT54GH
sampled images from	0	I92Z78HMBC	263.42514438827743
post-cross-train and match:	0	0	78FCPDU571	I92Z78HMBC	0.5153680196893748	0.4223626686502367	0.01	20.0
pre-train:	0	1	78FCPDU571	3RIRAPQQ8Y
sampled images from	1	N2HV3M2RYC	454.1042945790805
post-cross-train and match:	0	1	F8OJDJ1FDO	N2HV3M2RYC	0.05625004396001413	0.048408137507307755	0.11047499326029131	12.166627262539762
pre-train:	0	2	F8OJDJ1FDO	TJGDBKWEUK
sampled images from	2	MZ9ST5RSXE	209.15967672128608
post-cross-train and match:	0	2	6COWHIZNWF	MZ9ST5RSXE	0.45331755000899343	0.5113745375609855	0.01	20.0
pre-train:	0	3	6COWHIZNWF	BNWK90S49O
sampled images from	3	JOWHHU0A48	445.588763827812
post-cross-train and match:	0	3	T0G8V56QB3	JOWHHU0A48	2.23980021120897e-05	8.228853289874446e-05	0.01	0.05
pre-train:	1	0	4MNOVLA9UY	I92Z78HMBC
sampled images from	0	F81L2J76CU	249.5133874173692
post-cross-train and match:	1	0	NGGHELNF0G	F81L2J76CU	0.45675229930928524	0.5206749661009449	0.01	20.0
pre-train:	1	1	NGGHELNF0G	N2HV3M2RYC
sampled images from	1	9VCZ5V35YS	302.6115280632962
post-cross-train and match:	1	1	X82XEF47RD	9VCZ5V35YS	0.1669935619653161	0.15037061120750808	0.01	19.997639297447275
pre-train:	1	2	X82XEF47RD	MZ9ST5RSXE
sampled images from	2	0ZW13SD4DI	185.04797622392852
post-cross-train and match:	1	2	UA81Z74S99	0ZW13SD4DI	0.380684887676605	0.2120303668177077	0.01	19.999999690100662
pre-train:	1	3	UA81Z74S99	JOWHHU0A48
sampled images from	3	7QHGMM2C67	313.99875596342133
post-cross-train and match:	1	3	RK1IIV25LG	7QHGMM2C67	0.00815390943210008	0.00022244230470943278	0.01	0.05
pre-train:	2	0	5A0THQK6MD	F81L2J76CU
sampled images from	0	J1NEOD4YC2	253.41084786524658
post-cross-train and match:	2	0	7KLZYOE0V9	J1NEOD4YC2	0.3817736507732985	0.5979603778070478	0.01	20.0
pre-train:	2	1	7KLZYOE0V9	9VCZ5V35YS
sampled images from	1	NM1TWTX4T0	243.04759333214514
post-cross-train and match:	2	1	1F5OWOABH2	NM1TWTX4T0	0.12456769583576015	0.1530888788958094	0.01	19.99830275624297
pre-train:	2	2	1F5OWOABH2	0ZW13SD4DI
sampled images from	2	NK0976S9XV	156.7772432402342
post-cross-train and match:	2	2	Y5FI2UXWDI	NK0976S9XV	0.11641492314938544	0.04521657840243535	0.01	11.172104168107497
pre-train:	2	3	Y5FI2UXWDI	7QHGMM2C67
sampled images from	3	72W6T62FB4	411.58124826740186
post-cross-train and match:	2	3	GQ4EA1X82X	72W6T62FB4	0.0	1.499410609913695e-15	0.44139479159462514	0.05
final cross-match:	0	0	T0G8V56QB3	J1NEOD4YC2	2.2029952962261273e-05	0.9959869278646482	0.01	20.0
final cross-match:	0	1	T0G8V56QB3	NM1TWTX4T0	2.2889581570493132e-05	0.9999448966497043	0.01	20.0
final cross-match:	0	2	T0G8V56QB3	NK0976S9XV	2.1910171773133757e-05	0.9999823283030789	0.01	20.0
final cross-match:	0	3	T0G8V56QB3	72W6T62FB4	2.2605538114047507e-05	2.992344687526735e-12	0.01	0.05
final cross-match:	1	0	RK1IIV25LG	J1NEOD4YC2	0.00810672962335127	0.5433951294434859	0.01	20.0
final cross-match:	1	1	RK1IIV25LG	NM1TWTX4T0	0.008129372906837382	0.941464658739216	0.01	20.0
final cross-match:	1	2	RK1IIV25LG	NK0976S9XV	0.008161806983988423	0.968689707232945	0.01	20.0
final cross-match:	1	3	RK1IIV25LG	72W6T62FB4	0.008154306775217118	3.665773187250905e-10	0.01	0.05
final cross-match:	2	0	GQ4EA1X82X	J1NEOD4YC2	0.0	1.0	0.01	20.0
final cross-match:	2	1	GQ4EA1X82X	NM1TWTX4T0	0.0	1.0	0.01	20.0
final cross-match:	2	2	GQ4EA1X82X	NK0976S9XV	0.0	1.0	0.01	20.0
final cross-match:	2	3	GQ4EA1X82X	72W6T62FB4	0.0	1.5013068183472988e-15	0.01	0.05
<<<	cross-train	2020-04-01T00:09:19.163333
>>>	evolve_in_population	['T0G8V56QB3', 'RK1IIV25LG', 'GQ4EA1X82X']	['J1NEOD4YC2', 'NM1TWTX4T0', 'NK0976S9XV', '72W6T62FB4']	12	2020-04-01T00:09:19.164246
current tag/fitness tables	['T0G8V56QB3', 'RK1IIV25LG', 'GQ4EA1X82X']	['J1NEOD4YC2', 'NM1TWTX4T0', 'NK0976S9XV', '72W6T62FB4']	[1.0, 1.0, 1.0]	[1.0, 1.0, 1.0, 1.0]
infection attempt:	1	0	RK1IIV25LG	J1NEOD4YC2	0.008177893756549242	0.5495737477787522	0.01	20.0
infection successful, current host state:	[0]	{'J1NEOD4YC2': 0.5495737477787522}	1	0.01
full infection
sampled images from	0	M1N9WH0BO2	242.5131313942849
post-infection	1	0	XSA5KU7P3L	M1N9WH0BO2	0.019869163854798273	0.03926516977597529	0.4608812359103768	9.205563629232474
current tag/fitness tables	['T0G8V56QB3', 'XSA5KU7P3L', 'GQ4EA1X82X']	['M1N9WH0BO2', 'NM1TWTX4T0', 'NK0976S9XV', '72W6T62FB4']	[1.0, 0.4608812359103768, 1.0]	[9.205563629232474, 1.0, 1.0, 1.0]
infection attempt:	2	2	GQ4EA1X82X	NK0976S9XV	0.0	1.0	0.01	20.0
infection successful, current host state:	[2]	{'NK0976S9XV': 1.0}	2	0.01
full infection
sampled images from	2	1UPO8YREIW	157.7663705328575
post-infection	2	2	VE6H06V0NU	1UPO8YREIW	0.0	1.0	0.01	20.0
current tag/fitness tables	['T0G8V56QB3', 'XSA5KU7P3L', 'VE6H06V0NU']	['M1N9WH0BO2', 'NM1TWTX4T0', '1UPO8YREIW', '72W6T62FB4']	[1.0, 0.4608812359103768, 0.01]	[9.205563629232474, 1.0, 20.0, 1.0]
infection attempt:	0	2	T0G8V56QB3	1UPO8YREIW	2.2417065431314235e-05	0.9999824581878272	0.01	20.0
infection successful, current host state:	[2]	{'1UPO8YREIW': 0.9999824581878272}	0	0.01
full infection
sampled images from	2	SKP9A768SH	125.8509987755042
post-infection	0	2	P9QBXGE6UX	SKP9A768SH	0.5331051924081245	0.4408529700437334	0.01	20.0
current tag/fitness tables	['P9QBXGE6UX', 'XSA5KU7P3L', 'VE6H06V0NU']	['M1N9WH0BO2', 'NM1TWTX4T0', 'SKP9A768SH', '72W6T62FB4']	[0.01, 0.4608812359103768, 0.01]	[9.205563629232474, 1.0, 20.0, 1.0]
infection attempt:	1	0	XSA5KU7P3L	M1N9WH0BO2	0.019727986440983915	0.039118336093649744	0.46404438820311833	9.15575433265128
infection successful, current host state:	[0]	{'M1N9WH0BO2': 0.039118336093649744}	1	0.46404438820311833
full infection
sampled images from	0	YZB0IZ4LHX	222.93493858602233
post-infection	1	0	LFWG54ZRXD	YZB0IZ4LHX	0.015096353442429988	0.012082232885670337	0.8610935777464714	1.1344004695215828
current tag/fitness tables	['P9QBXGE6UX', 'LFWG54ZRXD', 'VE6H06V0NU']	['YZB0IZ4LHX', 'NM1TWTX4T0', 'SKP9A768SH', '72W6T62FB4']	[0.01, 0.8610935777464714, 0.01]	[1.1344004695215828, 1.0, 20.0, 1.0]
infection attempt:	1	2	LFWG54ZRXD	SKP9A768SH	0.015175385579371503	0.0017362909890693435	0.8602699259521143	0.05
infection failed, current host state:	[0]	{'YZB0IZ4LHX': 0.012082232885670337}	1	0.8602699259521143
current tag/fitness tables	['P9QBXGE6UX', 'LFWG54ZRXD', 'VE6H06V0NU']	['YZB0IZ4LHX', 'NM1TWTX4T0', 'SKP9A768SH', '72W6T62FB4']	[0.01, 0.8602699259521143, 0.01]	[1.1344004695215828, 1.0, 20.0, 1.0]
infection attempt:	1	2	LFWG54ZRXD	SKP9A768SH	0.015133782554028639	0.0016656758242980766	0.8607039394055709	0.05
infection failed, current host state:	[0]	{'YZB0IZ4LHX': 0.012082232885670337}	1	0.8607039394055709
current tag/fitness tables	['P9QBXGE6UX', 'LFWG54ZRXD', 'VE6H06V0NU']	['YZB0IZ4LHX', 'NM1TWTX4T0', 'SKP9A768SH', '72W6T62FB4']	[0.01, 0.8607039394055709, 0.01]	[1.1344004695215828, 1.0, 20.0, 1.0]
infection attempt:	1	2	LFWG54ZRXD	SKP9A768SH	0.015094529908857367	0.001696106991164688	0.8611125406443846	0.05
infection failed, current host state:	[0]	{'YZB0IZ4LHX': 0.012082232885670337}	1	0.8611125406443846
current tag/fitness tables	['P9QBXGE6UX', 'LFWG54ZRXD', 'VE6H06V0NU']	['YZB0IZ4LHX', 'NM1TWTX4T0', 'SKP9A768SH', '72W6T62FB4']	[0.01, 0.8611125406443846, 0.01]	[1.1344004695215828, 1.0, 20.0, 1.0]
infection attempt:	1	2	LFWG54ZRXD	SKP9A768SH	0.01514157220753017	0.0017414169462915481	0.8606227497538195	0.05
infection failed, current host state:	[0]	{'YZB0IZ4LHX': 0.012082232885670337}	1	0.8606227497538195
current tag/fitness tables	['P9QBXGE6UX', 'LFWG54ZRXD', 'VE6H06V0NU']	['YZB0IZ4LHX', 'NM1TWTX4T0', 'SKP9A768SH', '72W6T62FB4']	[0.01, 0.8606227497538195, 0.01]	[1.1344004695215828, 1.0, 20.0, 1.0]
infection attempt:	1	1	LFWG54ZRXD	NM1TWTX4T0	0.015126388337312223	3.365444174752934e-05	0.8607809759454966	0.05
infection failed, current host state:	[0]	{'YZB0IZ4LHX': 0.012082232885670337}	1	0.8607809759454966
current tag/fitness tables	['P9QBXGE6UX', 'LFWG54ZRXD', 'VE6H06V0NU']	['YZB0IZ4LHX', 'NM1TWTX4T0', 'SKP9A768SH', '72W6T62FB4']	[0.01, 0.8607809759454966, 0.01]	[1.1344004695215828, 1.0, 20.0, 1.0]
infection attempt:	1	2	LFWG54ZRXD	SKP9A768SH	0.015199197571414875	0.0017100686055316683	0.8600210757684303	0.05
infection failed, current host state:	[0]	{'YZB0IZ4LHX': 0.012082232885670337}	1	0.8600210757684303
current tag/fitness tables	['P9QBXGE6UX', 'LFWG54ZRXD', 'VE6H06V0NU']	['YZB0IZ4LHX', 'NM1TWTX4T0', 'SKP9A768SH', '72W6T62FB4']	[0.01, 0.8600210757684303, 0.01]	[1.1344004695215828, 1.0, 20.0, 1.0]
infection attempt:	1	3	LFWG54ZRXD	72W6T62FB4	0.015172333669052449	1.4889247812922915e-05	0.8603017973125745	0.05
infection failed, current host state:	[0]	{'YZB0IZ4LHX': 0.012082232885670337}	1	0.8603017973125745
current tag/fitness tables	['P9QBXGE6UX', 'LFWG54ZRXD', 'VE6H06V0NU']	['YZB0IZ4LHX', 'NM1TWTX4T0', 'SKP9A768SH', '72W6T62FB4']	[0.01, 0.8603017973125745, 0.01]	[1.1344004695215828, 1.0, 20.0, 1.0]
infection attempt:	1	2	LFWG54ZRXD	SKP9A768SH	0.015198491084804413	0.0016975328450645707	0.8600284635738558	0.05
infection failed, current host state:	[0]	{'YZB0IZ4LHX': 0.012082232885670337}	1	0.8600284635738558
current tag/fitness tables	['P9QBXGE6UX', 'LFWG54ZRXD', 'VE6H06V0NU']	['YZB0IZ4LHX', 'NM1TWTX4T0', 'SKP9A768SH', '72W6T62FB4']	[0.01, 0.8600284635738558, 0.01]	[1.1344004695215828, 1.0, 20.0, 1.0]
infection attempt:	1	2	LFWG54ZRXD	SKP9A768SH	0.015275290271620761	0.0015733535931008046	0.8592237292606418	0.05
infection failed, current host state:	[0]	{'YZB0IZ4LHX': 0.012082232885670337}	1	0.8592237292606418
current tag/fitness tables	['P9QBXGE6UX', 'LFWG54ZRXD', 'VE6H06V0NU']	['YZB0IZ4LHX', 'NM1TWTX4T0', 'SKP9A768SH', '72W6T62FB4']	[0.01, 0.8592237292606418, 0.01]	[1.1344004695215828, 1.0, 20.0, 1.0]
infection attempt:	1	2	LFWG54ZRXD	SKP9A768SH	0.01516348148968174	0.0016661240138237112	0.8603942117920118	0.05
infection failed, current host state:	[0]	{'YZB0IZ4LHX': 0.012082232885670337}	1	0.8603942117920118
current tag/fitness tables	['P9QBXGE6UX', 'LFWG54ZRXD', 'VE6H06V0NU']	['YZB0IZ4LHX', 'NM1TWTX4T0', 'SKP9A768SH', '72W6T62FB4']	[0.01, 0.8603942117920118, 0.01]	[1.1344004695215828, 1.0, 20.0, 1.0]
infection attempt:	1	2	LFWG54ZRXD	SKP9A768SH	0.015148610766254254	0.0016977030464059818	0.8605493592396378	0.05
infection failed, current host state:	[0]	{'YZB0IZ4LHX': 0.012082232885670337}	1	0.8605493592396378
current tag/fitness tables	['P9QBXGE6UX', 'LFWG54ZRXD', 'VE6H06V0NU']	['YZB0IZ4LHX', 'NM1TWTX4T0', 'SKP9A768SH', '72W6T62FB4']	[0.01, 0.8605493592396378, 0.01]	[1.1344004695215828, 1.0, 20.0, 1.0]
infection attempt:	1	1	LFWG54ZRXD	NM1TWTX4T0	0.015177103502155622	3.4822150060356203e-05	0.8602519832373119	0.05
infection failed, current host state:	[0]	{'YZB0IZ4LHX': 0.012082232885670337}	1	0.8602519832373119
current tag/fitness tables	['P9QBXGE6UX', 'LFWG54ZRXD', 'VE6H06V0NU']	['YZB0IZ4LHX', 'NM1TWTX4T0', 'SKP9A768SH', '72W6T62FB4']	[0.01, 0.8602519832373119, 0.01]	[1.1344004695215828, 1.0, 20.0, 1.0]
infection attempt:	1	2	LFWG54ZRXD	SKP9A768SH	0.015245142585433115	0.0017275152923621193	0.8595400231863823	0.05
infection failed, current host state:	[0]	{'YZB0IZ4LHX': 0.012082232885670337}	1	0.8595400231863823
current tag/fitness tables	['P9QBXGE6UX', 'LFWG54ZRXD', 'VE6H06V0NU']	['YZB0IZ4LHX', 'NM1TWTX4T0', 'SKP9A768SH', '72W6T62FB4']	[0.01, 0.8595400231863823, 0.01]	[1.1344004695215828, 1.0, 20.0, 1.0]
infection attempt:	1	2	LFWG54ZRXD	SKP9A768SH	0.015197207487976627	0.0016757940122575216	0.860041885565661	0.05
infection failed, current host state:	[0]	{'YZB0IZ4LHX': 0.012082232885670337}	1	0.860041885565661
current tag/fitness tables	['P9QBXGE6UX', 'LFWG54ZRXD', 'VE6H06V0NU']	['YZB0IZ4LHX', 'NM1TWTX4T0', 'SKP9A768SH', '72W6T62FB4']	[0.01, 0.860041885565661, 0.01]	[1.1344004695215828, 1.0, 20.0, 1.0]
infection attempt:	1	2	LFWG54ZRXD	SKP9A768SH	0.01515100009914146	0.001702096149443772	0.860524439517215	0.05
infection failed, current host state:	[0]	{'YZB0IZ4LHX': 0.012082232885670337}	1	0.860524439517215
current tag/fitness tables	['P9QBXGE6UX', 'LFWG54ZRXD', 'VE6H06V0NU']	['YZB0IZ4LHX', 'NM1TWTX4T0', 'SKP9A768SH', '72W6T62FB4']	[0.01, 0.860524439517215, 0.01]	[1.1344004695215828, 1.0, 20.0, 1.0]
infection attempt:	1	2	LFWG54ZRXD	SKP9A768SH	0.015115947230284149	0.0016864495258703868	0.8608897040843737	0.05
infection failed, current host state:	[0]	{'YZB0IZ4LHX': 0.012082232885670337}	1	0.8608897040843737
current tag/fitness tables	['P9QBXGE6UX', 'LFWG54ZRXD', 'VE6H06V0NU']	['YZB0IZ4LHX', 'NM1TWTX4T0', 'SKP9A768SH', '72W6T62FB4']	[0.01, 0.8608897040843737, 0.01]	[1.1344004695215828, 1.0, 20.0, 1.0]
infection attempt:	1	2	LFWG54ZRXD	SKP9A768SH	0.015156081617513953	0.001688785500142342	0.8604714307817924	0.05
infection failed, current host state:	[0]	{'YZB0IZ4LHX': 0.012082232885670337}	1	0.8604714307817924
current tag/fitness tables	['P9QBXGE6UX', 'LFWG54ZRXD', 'VE6H06V0NU']	['YZB0IZ4LHX', 'NM1TWTX4T0', 'SKP9A768SH', '72W6T62FB4']	[0.01, 0.8604714307817924, 0.01]	[1.1344004695215828, 1.0, 20.0, 1.0]
infection attempt:	1	2	LFWG54ZRXD	SKP9A768SH	0.015149368088382648	0.0016596612787911239	0.8605414610403294	0.05
infection failed, current host state:	[0]	{'YZB0IZ4LHX': 0.012082232885670337}	1	0.8605414610403294
current tag/fitness tables	['P9QBXGE6UX', 'LFWG54ZRXD', 'VE6H06V0NU']	['YZB0IZ4LHX', 'NM1TWTX4T0', 'SKP9A768SH', '72W6T62FB4']	[0.01, 0.8605414610403294, 0.01]	[1.1344004695215828, 1.0, 20.0, 1.0]
infection attempt:	1	2	LFWG54ZRXD	SKP9A768SH	0.015115890993492436	0.0016437233886746035	0.8608902895383287	0.05
infection failed, current host state:	[0]	{'YZB0IZ4LHX': 0.012082232885670337}	1	0.8608902895383287
current tag/fitness tables	['P9QBXGE6UX', 'LFWG54ZRXD', 'VE6H06V0NU']	['YZB0IZ4LHX', 'NM1TWTX4T0', 'SKP9A768SH', '72W6T62FB4']	[0.01, 0.8608902895383287, 0.01]	[1.1344004695215828, 1.0, 20.0, 1.0]
infection attempt:	1	2	LFWG54ZRXD	SKP9A768SH	0.01504310692297116	0.0017001935031894506	0.8616465157484111	0.05
infection failed, current host state:	[0]	{'YZB0IZ4LHX': 0.012082232885670337}	1	0.8616465157484111
current tag/fitness tables	['P9QBXGE6UX', 'LFWG54ZRXD', 'VE6H06V0NU']	['YZB0IZ4LHX', 'NM1TWTX4T0', 'SKP9A768SH', '72W6T62FB4']	[0.01, 0.8616465157484111, 0.01]	[1.1344004695215828, 1.0, 20.0, 1.0]
infection attempt:	1	2	LFWG54ZRXD	SKP9A768SH	0.015006069117771791	0.0017240600032632106	0.8620301908460987	0.05
infection failed, current host state:	[0]	{'YZB0IZ4LHX': 0.012082232885670337}	1	0.8620301908460987
current tag/fitness tables	['P9QBXGE6UX', 'LFWG54ZRXD', 'VE6H06V0NU']	['YZB0IZ4LHX', 'NM1TWTX4T0', 'SKP9A768SH', '72W6T62FB4']	[0.01, 0.8620301908460987, 0.01]	[1.1344004695215828, 1.0, 20.0, 1.0]
infection attempt:	1	2	LFWG54ZRXD	SKP9A768SH	0.015219466582035967	0.001750015343394456	0.8598090013808823	0.05
infection failed, current host state:	[0]	{'YZB0IZ4LHX': 0.012082232885670337}	1	0.8598090013808823
current tag/fitness tables	['P9QBXGE6UX', 'LFWG54ZRXD', 'VE6H06V0NU']	['YZB0IZ4LHX', 'NM1TWTX4T0', 'SKP9A768SH', '72W6T62FB4']	[0.01, 0.8598090013808823, 0.01]	[1.1344004695215828, 1.0, 20.0, 1.0]
infection attempt:	1	2	LFWG54ZRXD	SKP9A768SH	0.015168686474818411	0.0016273415202760438	0.8603398784143242	0.05
infection failed, current host state:	[0]	{'YZB0IZ4LHX': 0.012082232885670337}	1	0.8603398784143242
current tag/fitness tables	['P9QBXGE6UX', 'LFWG54ZRXD', 'VE6H06V0NU']	['YZB0IZ4LHX', 'NM1TWTX4T0', 'SKP9A768SH', '72W6T62FB4']	[0.01, 0.8603398784143242, 0.01]	[1.1344004695215828, 1.0, 20.0, 1.0]
infection attempt:	2	2	VE6H06V0NU	SKP9A768SH	0.0	1.0	0.01	20.0
infection successful, current host state:	[2]	{'SKP9A768SH': 1.0}	2	0.01
full infection
sampled images from	2	F2BFD8H12J	135.71853202265785
post-infection	2	2	OYXP57Y08L	F2BFD8H12J	0.0	1.0	0.01	20.0
current tag/fitness tables	['P9QBXGE6UX', 'LFWG54ZRXD', 'OYXP57Y08L']	['YZB0IZ4LHX', 'NM1TWTX4T0', 'F2BFD8H12J', '72W6T62FB4']	[0.01, 0.8603398784143242, 0.01]	[1.1344004695215828, 1.0, 20.0, 1.0]
infection attempt:	1	2	LFWG54ZRXD	F2BFD8H12J	0.01512144127888466	0.0017367468159613527	0.860832499629326	0.05
infection failed, current host state:	[0]	{'YZB0IZ4LHX': 0.012082232885670337}	1	0.860832499629326
current tag/fitness tables	['P9QBXGE6UX', 'LFWG54ZRXD', 'OYXP57Y08L']	['YZB0IZ4LHX', 'NM1TWTX4T0', 'F2BFD8H12J', '72W6T62FB4']	[0.01, 0.860832499629326, 0.01]	[1.1344004695215828, 1.0, 20.0, 1.0]
infection attempt:	1	2	LFWG54ZRXD	F2BFD8H12J	0.015278792775261885	0.001712625268502965	0.8591869498463623	0.05
infection failed, current host state:	[0]	{'YZB0IZ4LHX': 0.012082232885670337}	1	0.8591869498463623
current tag/fitness tables	['P9QBXGE6UX', 'LFWG54ZRXD', 'OYXP57Y08L']	['YZB0IZ4LHX', 'NM1TWTX4T0', 'F2BFD8H12J', '72W6T62FB4']	[0.01, 0.8591869498463623, 0.01]	[1.1344004695215828, 1.0, 20.0, 1.0]
infection attempt:	1	2	LFWG54ZRXD	F2BFD8H12J	0.015156154757115379	0.0016623390072278792	0.8604706677075002	0.05
infection failed, current host state:	[0]	{'YZB0IZ4LHX': 0.012082232885670337}	1	0.8604706677075002
current tag/fitness tables	['P9QBXGE6UX', 'LFWG54ZRXD', 'OYXP57Y08L']	['YZB0IZ4LHX', 'NM1TWTX4T0', 'F2BFD8H12J', '72W6T62FB4']	[0.01, 0.8604706677075002, 0.01]	[1.1344004695215828, 1.0, 20.0, 1.0]
infection attempt:	1	2	LFWG54ZRXD	F2BFD8H12J	0.015302313162065519	0.001702310483020766	0.8589397872004313	0.05
infection failed, current host state:	[0]	{'YZB0IZ4LHX': 0.012082232885670337}	1	0.8589397872004313
current tag/fitness tables	['P9QBXGE6UX', 'LFWG54ZRXD', 'OYXP57Y08L']	['YZB0IZ4LHX', 'NM1TWTX4T0', 'F2BFD8H12J', '72W6T62FB4']	[0.01, 0.8589397872004313, 0.01]	[1.1344004695215828, 1.0, 20.0, 1.0]
infection attempt:	1	2	LFWG54ZRXD	F2BFD8H12J	0.01516166577207	0.0016973595096936216	0.8604131619780813	0.05
infection failed, current host state:	[0]	{'YZB0IZ4LHX': 0.012082232885670337}	1	0.8604131619780813
current tag/fitness tables	['P9QBXGE6UX', 'LFWG54ZRXD', 'OYXP57Y08L']	['YZB0IZ4LHX', 'NM1TWTX4T0', 'F2BFD8H12J', '72W6T62FB4']	[0.01, 0.8604131619780813, 0.01]	[1.1344004695215828, 1.0, 20.0, 1.0]
infection attempt:	1	2	LFWG54ZRXD	F2BFD8H12J	0.015193972188526634	0.001764957256078882	0.8600757115292041	0.05
infection failed, current host state:	[0]	{'YZB0IZ4LHX': 0.012082232885670337}	1	0.8600757115292041
current tag/fitness tables	['P9QBXGE6UX', 'LFWG54ZRXD', 'OYXP57Y08L']	['YZB0IZ4LHX', 'NM1TWTX4T0', 'F2BFD8H12J', '72W6T62FB4']	[0.01, 0.8600757115292041, 0.01]	[1.1344004695215828, 1.0, 20.0, 1.0]
infection attempt:	1	2	LFWG54ZRXD	F2BFD8H12J	0.015162734843012112	0.0018315233824272473	0.860402004578891	0.05
infection failed, current host state:	[0]	{'YZB0IZ4LHX': 0.012082232885670337}	1	0.860402004578891
current tag/fitness tables	['P9QBXGE6UX', 'LFWG54ZRXD', 'OYXP57Y08L']	['YZB0IZ4LHX', 'NM1TWTX4T0', 'F2BFD8H12J', '72W6T62FB4']	[0.01, 0.860402004578891, 0.01]	[1.1344004695215828, 1.0, 20.0, 1.0]
infection attempt:	1	2	LFWG54ZRXD	F2BFD8H12J	0.015271104093807848	0.0016441190064433457	0.8592676788667024	0.05
infection failed, current host state:	[0]	{'YZB0IZ4LHX': 0.012082232885670337}	1	0.8592676788667024
current tag/fitness tables	['P9QBXGE6UX', 'LFWG54ZRXD', 'OYXP57Y08L']	['YZB0IZ4LHX', 'NM1TWTX4T0', 'F2BFD8H12J', '72W6T62FB4']	[0.01, 0.8592676788667024, 0.01]	[1.1344004695215828, 1.0, 20.0, 1.0]
infection attempt:	1	2	LFWG54ZRXD	F2BFD8H12J	0.015081914630271732	0.0017333884873285469	0.86124367542258	0.05
infection failed, current host state:	[0]	{'YZB0IZ4LHX': 0.012082232885670337}	1	0.86124367542258
current tag/fitness tables	['P9QBXGE6UX', 'LFWG54ZRXD', 'OYXP57Y08L']	['YZB0IZ4LHX', 'NM1TWTX4T0', 'F2BFD8H12J', '72W6T62FB4']	[0.01, 0.86124367542258, 0.01]	[1.1344004695215828, 1.0, 20.0, 1.0]
infection attempt:	1	3	LFWG54ZRXD	72W6T62FB4	0.01516574805479314	1.4890082322792319e-05	0.8603705536258347	0.05
infection failed, current host state:	[0]	{'YZB0IZ4LHX': 0.012082232885670337}	1	0.8603705536258347
current tag/fitness tables	['P9QBXGE6UX', 'LFWG54ZRXD', 'OYXP57Y08L']	['YZB0IZ4LHX', 'NM1TWTX4T0', 'F2BFD8H12J', '72W6T62FB4']	[0.01, 0.8603705536258347, 0.01]	[1.1344004695215828, 1.0, 20.0, 1.0]
infection attempt:	1	2	LFWG54ZRXD	F2BFD8H12J	0.01511477604349539	0.0017410444852740648	0.8609018963743487	0.05
infection failed, current host state:	[0]	{'YZB0IZ4LHX': 0.012082232885670337}	1	0.8609018963743487
current tag/fitness tables	['P9QBXGE6UX', 'LFWG54ZRXD', 'OYXP57Y08L']	['YZB0IZ4LHX', 'NM1TWTX4T0', 'F2BFD8H12J', '72W6T62FB4']	[0.01, 0.8609018963743487, 0.01]	[1.1344004695215828, 1.0, 20.0, 1.0]
infection attempt:	1	2	LFWG54ZRXD	F2BFD8H12J	0.015158414840698242	0.0017241028406886137	0.8604470865011904	0.05
infection failed, current host state:	[0]	{'YZB0IZ4LHX': 0.012082232885670337}	1	0.8604470865011904
current tag/fitness tables	['P9QBXGE6UX', 'LFWG54ZRXD', 'OYXP57Y08L']	['YZB0IZ4LHX', 'NM1TWTX4T0', 'F2BFD8H12J', '72W6T62FB4']	[0.01, 0.8604470865011904, 0.01]	[1.1344004695215828, 1.0, 20.0, 1.0]
infection attempt:	1	2	LFWG54ZRXD	F2BFD8H12J	0.015230658402575105	0.001634469362043305	0.8596918028425102	0.05
infection failed, current host state:	[0]	{'YZB0IZ4LHX': 0.012082232885670337}	1	0.8596918028425102
current tag/fitness tables	['P9QBXGE6UX', 'LFWG54ZRXD', 'OYXP57Y08L']	['YZB0IZ4LHX', 'NM1TWTX4T0', 'F2BFD8H12J', '72W6T62FB4']	[0.01, 0.8596918028425102, 0.01]	[1.1344004695215828, 1.0, 20.0, 1.0]
infection attempt:	1	2	LFWG54ZRXD	F2BFD8H12J	0.015024717873347594	0.00163150411765667	0.8618371050199178	0.05
infection failed, current host state:	[0]	{'YZB0IZ4LHX': 0.012082232885670337}	1	0.8618371050199178
current tag/fitness tables	['P9QBXGE6UX', 'LFWG54ZRXD', 'OYXP57Y08L']	['YZB0IZ4LHX', 'NM1TWTX4T0', 'F2BFD8H12J', '72W6T62FB4']	[0.01, 0.8618371050199178, 0.01]	[1.1344004695215828, 1.0, 20.0, 1.0]
infection attempt:	1	2	LFWG54ZRXD	F2BFD8H12J	0.015170092775877605	0.0016302709326813016	0.8603251958218414	0.05
infection failed, current host state:	[0]	{'YZB0IZ4LHX': 0.012082232885670337}	1	0.8603251958218414
current tag/fitness tables	['P9QBXGE6UX', 'LFWG54ZRXD', 'OYXP57Y08L']	['YZB0IZ4LHX', 'NM1TWTX4T0', 'F2BFD8H12J', '72W6T62FB4']	[0.01, 0.8603251958218414, 0.01]	[1.1344004695215828, 1.0, 20.0, 1.0]
infection attempt:	1	3	LFWG54ZRXD	72W6T62FB4	0.015229986484116836	1.4919255569607997e-05	0.8596988410200885	0.05
infection failed, current host state:	[0]	{'YZB0IZ4LHX': 0.012082232885670337}	1	0.8596988410200885
current tag/fitness tables	['P9QBXGE6UX', 'LFWG54ZRXD', 'OYXP57Y08L']	['YZB0IZ4LHX', 'NM1TWTX4T0', 'F2BFD8H12J', '72W6T62FB4']	[0.01, 0.8596988410200885, 0.01]	[1.1344004695215828, 1.0, 20.0, 1.0]
infection attempt:	1	2	LFWG54ZRXD	F2BFD8H12J	0.015164162431444441	0.001688702116969964	0.8603871044973603	0.05
infection failed, current host state:	[0]	{'YZB0IZ4LHX': 0.012082232885670337}	1	0.8603871044973603
current tag/fitness tables	['P9QBXGE6UX', 'LFWG54ZRXD', 'OYXP57Y08L']	['YZB0IZ4LHX', 'NM1TWTX4T0', 'F2BFD8H12J', '72W6T62FB4']	[0.01, 0.8603871044973603, 0.01]	[1.1344004695215828, 1.0, 20.0, 1.0]
infection attempt:	1	2	LFWG54ZRXD	F2BFD8H12J	0.015324875998344503	0.0016708599674929458	0.8587023965976174	0.05
infection failed, current host state:	[0]	{'YZB0IZ4LHX': 0.012082232885670337}	1	0.8587023965976174
current tag/fitness tables	['P9QBXGE6UX', 'LFWG54ZRXD', 'OYXP57Y08L']	['YZB0IZ4LHX', 'NM1TWTX4T0', 'F2BFD8H12J', '72W6T62FB4']	[0.01, 0.8587023965976174, 0.01]	[1.1344004695215828, 1.0, 20.0, 1.0]
infection attempt:	1	2	LFWG54ZRXD	F2BFD8H12J	0.015163259084290786	0.0016969590861936595	0.8603965330804241	0.05
infection failed, current host state:	[0]	{'YZB0IZ4LHX': 0.012082232885670337}	1	0.8603965330804241
current tag/fitness tables	['P9QBXGE6UX', 'LFWG54ZRXD', 'OYXP57Y08L']	['YZB0IZ4LHX', 'NM1TWTX4T0', 'F2BFD8H12J', '72W6T62FB4']	[0.01, 0.8603965330804241, 0.01]	[1.1344004695215828, 1.0, 20.0, 1.0]
infection attempt:	1	2	LFWG54ZRXD	F2BFD8H12J	0.015014561445219938	0.0017255597258340875	0.8619422872048921	0.05
infection failed, current host state:	[0]	{'YZB0IZ4LHX': 0.012082232885670337}	1	0.8619422872048921
current tag/fitness tables	['P9QBXGE6UX', 'LFWG54ZRXD', 'OYXP57Y08L']	['YZB0IZ4LHX', 'NM1TWTX4T0', 'F2BFD8H12J', '72W6T62FB4']	[0.01, 0.8619422872048921, 0.01]	[1.1344004695215828, 1.0, 20.0, 1.0]
infection attempt:	1	2	LFWG54ZRXD	F2BFD8H12J	0.0150987500193785	0.001649851890121113	0.8610686529307702	0.05
infection failed, current host state:	[0]	{'YZB0IZ4LHX': 0.012082232885670337}	1	0.8610686529307702
current tag/fitness tables	['P9QBXGE6UX', 'LFWG54ZRXD', 'OYXP57Y08L']	['YZB0IZ4LHX', 'NM1TWTX4T0', 'F2BFD8H12J', '72W6T62FB4']	[0.01, 0.8610686529307702, 0.01]	[1.1344004695215828, 1.0, 20.0, 1.0]
infection attempt:	1	2	LFWG54ZRXD	F2BFD8H12J	0.015255680978933631	0.0016699276283320818	0.8594295176203695	0.05
infection failed, current host state:	[0]	{'YZB0IZ4LHX': 0.012082232885670337}	1	0.8594295176203695
current tag/fitness tables	['P9QBXGE6UX', 'LFWG54ZRXD', 'OYXP57Y08L']	['YZB0IZ4LHX', 'NM1TWTX4T0', 'F2BFD8H12J', '72W6T62FB4']	[0.01, 0.8594295176203695, 0.01]	[1.1344004695215828, 1.0, 20.0, 1.0]
infection attempt:	1	2	LFWG54ZRXD	F2BFD8H12J	0.015151102723343286	0.0015932185039706608	0.8605233691187191	0.05
infection failed, current host state:	[0]	{'YZB0IZ4LHX': 0.012082232885670337}	1	0.8605233691187191
current tag/fitness tables	['P9QBXGE6UX', 'LFWG54ZRXD', 'OYXP57Y08L']	['YZB0IZ4LHX', 'NM1TWTX4T0', 'F2BFD8H12J', '72W6T62FB4']	[0.01, 0.8605233691187191, 0.01]	[1.1344004695215828, 1.0, 20.0, 1.0]
infection attempt:	1	2	LFWG54ZRXD	F2BFD8H12J	0.015212132541863902	0.0016486723061791483	0.8598857639362183	0.05
infection failed, current host state:	[0]	{'YZB0IZ4LHX': 0.012082232885670337}	1	0.8598857639362183
current tag/fitness tables	['P9QBXGE6UX', 'LFWG54ZRXD', 'OYXP57Y08L']	['YZB0IZ4LHX', 'NM1TWTX4T0', 'F2BFD8H12J', '72W6T62FB4']	[0.01, 0.8598857639362183, 0.01]	[1.1344004695215828, 1.0, 20.0, 1.0]
infection attempt:	1	2	LFWG54ZRXD	F2BFD8H12J	0.015126755878106872	0.0016265128480904955	0.8607771474534144	0.05
infection failed, current host state:	[0]	{'YZB0IZ4LHX': 0.012082232885670337}	1	0.8607771474534144
current tag/fitness tables	['P9QBXGE6UX', 'LFWG54ZRXD', 'OYXP57Y08L']	['YZB0IZ4LHX', 'NM1TWTX4T0', 'F2BFD8H12J', '72W6T62FB4']	[0.01, 0.8607771474534144, 0.01]	[1.1344004695215828, 1.0, 20.0, 1.0]
infection attempt:	1	2	LFWG54ZRXD	F2BFD8H12J	0.015059711836548502	0.0016659378673685695	0.8614742537445688	0.05
infection failed, current host state:	[0]	{'YZB0IZ4LHX': 0.012082232885670337}	1	0.8614742537445688
current tag/fitness tables	['P9QBXGE6UX', 'LFWG54ZRXD', 'OYXP57Y08L']	['YZB0IZ4LHX', 'NM1TWTX4T0', 'F2BFD8H12J', '72W6T62FB4']	[0.01, 0.8614742537445688, 0.01]	[1.1344004695215828, 1.0, 20.0, 1.0]
infection attempt:	1	2	LFWG54ZRXD	F2BFD8H12J	0.015225154377504197	0.0017289677834652587	0.8597494486775777	0.05
infection failed, current host state:	[0]	{'YZB0IZ4LHX': 0.012082232885670337}	1	0.8597494486775777
current tag/fitness tables	['P9QBXGE6UX', 'LFWG54ZRXD', 'OYXP57Y08L']	['YZB0IZ4LHX', 'NM1TWTX4T0', 'F2BFD8H12J', '72W6T62FB4']	[0.01, 0.8597494486775777, 0.01]	[1.1344004695215828, 1.0, 20.0, 1.0]
infection attempt:	1	2	LFWG54ZRXD	F2BFD8H12J	0.015123546631859818	0.001686779021442846	0.8608105740312353	0.05
infection failed, current host state:	[0]	{'YZB0IZ4LHX': 0.012082232885670337}	1	0.8608105740312353
current tag/fitness tables	['P9QBXGE6UX', 'LFWG54ZRXD', 'OYXP57Y08L']	['YZB0IZ4LHX', 'NM1TWTX4T0', 'F2BFD8H12J', '72W6T62FB4']	[0.01, 0.8608105740312353, 0.01]	[1.1344004695215828, 1.0, 20.0, 1.0]
infection attempt:	1	2	LFWG54ZRXD	F2BFD8H12J	0.015122163969316461	0.0017398871921513205	0.8608249736570627	0.05
infection failed, current host state:	[0]	{'YZB0IZ4LHX': 0.012082232885670337}	1	0.8608249736570627
current tag/fitness tables	['P9QBXGE6UX', 'LFWG54ZRXD', 'OYXP57Y08L']	['YZB0IZ4LHX', 'NM1TWTX4T0', 'F2BFD8H12J', '72W6T62FB4']	[0.01, 0.8608249736570627, 0.01]	[1.1344004695215828, 1.0, 20.0, 1.0]
infection attempt:	1	2	LFWG54ZRXD	F2BFD8H12J	0.015119019601899169	0.0016912998932129297	0.8608577164091987	0.05
infection failed, current host state:	[0]	{'YZB0IZ4LHX': 0.012082232885670337}	1	0.8608577164091987
current tag/fitness tables	['P9QBXGE6UX', 'LFWG54ZRXD', 'OYXP57Y08L']	['YZB0IZ4LHX', 'NM1TWTX4T0', 'F2BFD8H12J', '72W6T62FB4']	[0.01, 0.8608577164091987, 0.01]	[1.1344004695215828, 1.0, 20.0, 1.0]
infection attempt:	1	2	LFWG54ZRXD	F2BFD8H12J	0.015075005257307594	0.0016244807452523659	0.8613154597695794	0.05
infection failed, current host state:	[0]	{'YZB0IZ4LHX': 0.012082232885670337}	1	0.8613154597695794
current tag/fitness tables	['P9QBXGE6UX', 'LFWG54ZRXD', 'OYXP57Y08L']	['YZB0IZ4LHX', 'NM1TWTX4T0', 'F2BFD8H12J', '72W6T62FB4']	[0.01, 0.8613154597695794, 0.01]	[1.1344004695215828, 1.0, 20.0, 1.0]
infection attempt:	1	0	LFWG54ZRXD	YZB0IZ4LHX	0.015194524262251376	0.012138246479424348	0.8596033319477658	1.1446354952827682
infection successful, current host state:	[0]	{'YZB0IZ4LHX': 0.012138246479424348}	1	0.8596033319477658
full infection
sampled images from	0	86MZXAR1NP	209.28502150666142
post-infection	1	0	GJTY13HQ6Y	86MZXAR1NP	0.04046255890240293	0.054354667222734965	0.1593488573672206	13.865305172871665
current tag/fitness tables	['P9QBXGE6UX', 'GJTY13HQ6Y', 'OYXP57Y08L']	['86MZXAR1NP', 'NM1TWTX4T0', 'F2BFD8H12J', '72W6T62FB4']	[0.01, 0.1593488573672206, 0.01]	[13.865305172871665, 1.0, 20.0, 1.0]
infection attempt:	1	2	GJTY13HQ6Y	F2BFD8H12J	0.040391659622253384	0.007243777060189219	0.1597146639099707	0.05
infection failed, current host state:	[0]	{'86MZXAR1NP': 0.054354667222734965}	1	0.1597146639099707
current tag/fitness tables	['P9QBXGE6UX', 'GJTY13HQ6Y', 'OYXP57Y08L']	['86MZXAR1NP', 'NM1TWTX4T0', 'F2BFD8H12J', '72W6T62FB4']	[0.01, 0.1597146639099707, 0.01]	[13.865305172871665, 1.0, 20.0, 1.0]
infection attempt:	1	2	GJTY13HQ6Y	F2BFD8H12J	0.04043946508913915	0.007344986826900258	0.15946798877485346	0.05
infection failed, current host state:	[0]	{'86MZXAR1NP': 0.054354667222734965}	1	0.15946798877485346
current tag/fitness tables	['P9QBXGE6UX', 'GJTY13HQ6Y', 'OYXP57Y08L']	['86MZXAR1NP', 'NM1TWTX4T0', 'F2BFD8H12J', '72W6T62FB4']	[0.01, 0.15946798877485346, 0.01]	[13.865305172871665, 1.0, 20.0, 1.0]
infection attempt:	1	2	GJTY13HQ6Y	F2BFD8H12J	0.040425186917217554	0.007351234238825615	0.1595416544423125	0.05
infection failed, current host state:	[0]	{'86MZXAR1NP': 0.054354667222734965}	1	0.1595416544423125
current tag/fitness tables	['P9QBXGE6UX', 'GJTY13HQ6Y', 'OYXP57Y08L']	['86MZXAR1NP', 'NM1TWTX4T0', 'F2BFD8H12J', '72W6T62FB4']	[0.01, 0.1595416544423125, 0.01]	[13.865305172871665, 1.0, 20.0, 1.0]
infection attempt:	0	2	P9QBXGE6UX	F2BFD8H12J	0.5330433325091405	0.4406168969836571	0.01	20.0
infection successful, current host state:	[2]	{'F2BFD8H12J': 0.4406168969836571}	0	0.01
full infection
sampled images from	2	CMPGLI8NO7	131.35591515018575
post-infection	0	2	FZ4XSRO3QG	CMPGLI8NO7	0.44422149181620146	0.46881603981767384	0.01	20.0
current tag/fitness tables	['FZ4XSRO3QG', 'GJTY13HQ6Y', 'OYXP57Y08L']	['86MZXAR1NP', 'NM1TWTX4T0', 'CMPGLI8NO7', '72W6T62FB4']	[0.01, 0.1595416544423125, 0.01]	[13.865305172871665, 1.0, 20.0, 1.0]
infection attempt:	0	0	FZ4XSRO3QG	86MZXAR1NP	0.4441876025405774	0.37036794233423814	0.01	20.0
infection successful, current host state:	[2, 0]	{'86MZXAR1NP': 0.37036794233423814}	0	0.01
full infection
sampled images from	0	N4N4LDLUMX	144.87633255591584
post-infection	0	0	SLAVSRLMC1	N4N4LDLUMX	0.008099619958446479	0.7371188328464402	0.01	20.0
current tag/fitness tables	['SLAVSRLMC1', 'GJTY13HQ6Y', 'OYXP57Y08L']	['N4N4LDLUMX', 'NM1TWTX4T0', 'CMPGLI8NO7', '72W6T62FB4']	[0.01, 0.1595416544423125, 0.01]	[20.0, 1.0, 20.0, 1.0]
infection attempt:	0	0	SLAVSRLMC1	N4N4LDLUMX	0.008105807149333994	0.7344964754098514	0.01	20.0
infection successful, current host state:	[2, 0]	{'N4N4LDLUMX': 0.7344964754098514}	0	0.01
full infection
sampled images from	0	45HOEMXS6V	153.21374615061376
post-infection	0	0	G34DCZE2K2	45HOEMXS6V	0.01616328274771603	0.20607927605223808	0.01	19.999999161570162
current tag/fitness tables	['G34DCZE2K2', 'GJTY13HQ6Y', 'OYXP57Y08L']	['45HOEMXS6V', 'NM1TWTX4T0', 'CMPGLI8NO7', '72W6T62FB4']	[0.01, 0.1595416544423125, 0.01]	[19.999999161570162, 1.0, 20.0, 1.0]
infection attempt:	1	2	GJTY13HQ6Y	CMPGLI8NO7	0.04042902010590283	0.010482500080636808	0.15952187700655363	0.05
infection failed, current host state:	[0]	{'86MZXAR1NP': 0.054354667222734965}	1	0.15952187700655363
current tag/fitness tables	['G34DCZE2K2', 'GJTY13HQ6Y', 'OYXP57Y08L']	['45HOEMXS6V', 'NM1TWTX4T0', 'CMPGLI8NO7', '72W6T62FB4']	[0.01, 0.15952187700655363, 0.01]	[19.999999161570162, 1.0, 20.0, 1.0]
infection attempt:	1	0	GJTY13HQ6Y	45HOEMXS6V	0.040342615738606404	0.05221651723262852	0.17523339172276264	13.279877357155335
infection successful, current host state:	[0]	{'45HOEMXS6V': 0.05221651723262852}	1	0.17523339172276264
full infection
sampled images from	0	NPCZNZ4N23	182.0890450450019
post-infection	1	0	BUU1HMAZ6S	NPCZNZ4N23	0.09678164327830903	0.006841402236637332	0.01	0.05
current tag/fitness tables	['G34DCZE2K2', 'BUU1HMAZ6S', 'OYXP57Y08L']	['NPCZNZ4N23', 'NM1TWTX4T0', 'CMPGLI8NO7', '72W6T62FB4']	[0.01, 0.01, 0.01]	[0.05, 1.0, 20.0, 1.0]
infection attempt:	2	2	OYXP57Y08L	CMPGLI8NO7	0.0	1.0	0.01	20.0
infection successful, current host state:	[2]	{'CMPGLI8NO7': 1.0}	2	0.01
full infection
sampled images from	2	LZJ7MSTFLL	140.07252301758317
post-infection	2	2	2VOT32L003	LZJ7MSTFLL	0.0	1.0	0.01	20.0
current tag/fitness tables	['G34DCZE2K2', 'BUU1HMAZ6S', '2VOT32L003']	['NPCZNZ4N23', 'NM1TWTX4T0', 'LZJ7MSTFLL', '72W6T62FB4']	[0.01, 0.01, 0.01]	[0.05, 1.0, 20.0, 1.0]
infection attempt:	0	2	G34DCZE2K2	LZJ7MSTFLL	0.016193665738807303	0.02697678169469907	0.6730116598744196	5.05116196637668
infection successful, current host state:	[2, 0]	{'LZJ7MSTFLL': 0.02697678169469907}	0	0.6730116598744196
full infection
sampled images from	2	NCWZNMYTB9	395.44611594032625
post-infection	0	2	S0AZECONYD	NCWZNMYTB9	3.3970453591743255e-05	0.00013182493818634407	0.7474415566645403	0.05
sampled images from	0	NPCZNZ4N23	182.2800803559771
final cross-match:	0	0	S0AZECONYD	NPCZNZ4N23	3.4880028096343406e-05	0.9794961331622687	0.01	20.0
sampled images from	1	NM1TWTX4T0	244.481494271145
final cross-match:	0	1	S0AZECONYD	NM1TWTX4T0	3.361072875797622e-05	0.31967433845437665	0.01	20.0
sampled images from	2	NCWZNMYTB9	387.65475122474294
final cross-match:	0	2	S0AZECONYD	NCWZNMYTB9	3.6010292293166304e-05	0.00013144718204804415	0.01	0.05
sampled images from	3	72W6T62FB4	412.9633555661214
final cross-match:	0	3	S0AZECONYD	72W6T62FB4	3.301938459563103e-05	1.7469228836613936e-16	0.01	0.05
final cross-match:	1	0	BUU1HMAZ6S	NPCZNZ4N23	0.09696000306082687	0.006667517482919662	0.01	0.05
final cross-match:	1	1	BUU1HMAZ6S	NM1TWTX4T0	0.09707753261777638	2.2923615973558675e-07	0.01	0.05
final cross-match:	1	2	BUU1HMAZ6S	NCWZNMYTB9	0.09725692486966342	6.644058437446755e-07	0.01	0.05
final cross-match:	1	3	BUU1HMAZ6S	72W6T62FB4	0.09710262128030822	1.0769336578091293e-05	0.01	0.05
final cross-match:	2	0	2VOT32L003	NPCZNZ4N23	0.0	1.0	0.01	20.0
final cross-match:	2	1	2VOT32L003	NM1TWTX4T0	0.0	1.0	0.01	20.0
final cross-match:	2	2	2VOT32L003	NCWZNMYTB9	0.0	1.9401547935894272e-11	0.01	0.05
final cross-match:	2	3	2VOT32L003	72W6T62FB4	0.0	1.4959122286142598e-15	0.01	0.05
<<<	evolve_in_population	2020-04-01T00:40:34.920980
>>>	cross-train	['Z6MXKPBHBY', 'Z9LFDIW3D2', 'V9D3HCBMM4']	['NPCZNZ4N23', 'NM1TWTX4T0', 'NCWZNMYTB9', '72W6T62FB4']	base	1	2020-04-01T00:40:34.921918
pre-train:	0	0	Z6MXKPBHBY	NPCZNZ4N23
sampled images from	0	HLCVLHWJCI	201.42957739318388
post-cross-train and match:	0	0	72RSHFEVM5	HLCVLHWJCI	0.4659586617433186	0.4639717961615845	0.01	20.0
pre-train:	0	1	72RSHFEVM5	NM1TWTX4T0
sampled images from	1	K01CI0C692	254.11415884702964
post-cross-train and match:	0	1	WI96G00SBM	K01CI0C692	0.4652288371820186	0.506681832518659	0.01	20.0
pre-train:	0	2	WI96G00SBM	NCWZNMYTB9
sampled images from	2	TCN3JURZMA	229.1961396723483
post-cross-train and match:	0	2	YYAH6C8L5X	TCN3JURZMA	0.4239888762487277	0.4701962044625394	0.01	20.0
pre-train:	0	3	YYAH6C8L5X	72W6T62FB4
sampled images from	3	GQZ8YV1I4E	368.31033643307615
post-cross-train and match:	0	3	PDRIQHXO0Q	GQZ8YV1I4E	0.039396413163081415	0.05537518844810694	0.1576472169785469	14.134031061951697
pre-train:	1	0	Z9LFDIW3D2	HLCVLHWJCI
sampled images from	0	3K9QNVX8KS	202.60307757534025
post-cross-train and match:	1	0	DH4NWC6QQM	3K9QNVX8KS	0.5157708099274747	0.4383870578650981	0.01	20.0
pre-train:	1	1	DH4NWC6QQM	K01CI0C692
sampled images from	1	YV8QSEUNQD	257.06203301263236
post-cross-train and match:	1	1	CMZEQHQCOE	YV8QSEUNQD	0.4574250034940268	0.46817088219275604	0.01	20.0
pre-train:	1	2	CMZEQHQCOE	TCN3JURZMA
sampled images from	2	ABM2JZHCJE	207.22140444442013
post-cross-train and match:	1	2	2Q2MOGVKL5	ABM2JZHCJE	0.4548609298683687	0.5311015080541436	0.01	20.0
pre-train:	1	3	2Q2MOGVKL5	GQZ8YV1I4E
sampled images from	3	2Y3I4MTOZM	370.11007294355863
post-cross-train and match:	1	3	ADBMFYZR2J	2Y3I4MTOZM	0.08013332455651338	0.08728089086663748	0.01	19.050148184877166
pre-train:	2	0	V9D3HCBMM4	3K9QNVX8KS
sampled images from	0	HQIAL7OUVY	214.5723931344822
post-cross-train and match:	2	0	Q931M2C86A	HQIAL7OUVY	0.4903787467906724	0.5139078934118946	0.01	20.0
pre-train:	2	1	Q931M2C86A	YV8QSEUNQD
sampled images from	1	DUVY9RUD1W	243.54740191121033
post-cross-train and match:	2	1	QLBZ6WXZWB	DUVY9RUD1W	0.6642096809931656	0.3377705821032717	0.01	20.0
pre-train:	2	2	QLBZ6WXZWB	ABM2JZHCJE
sampled images from	2	H0JZLRO7SM	161.77537562356767
post-cross-train and match:	2	2	MDO05KXWRT	H0JZLRO7SM	0.44568464642902933	0.5300939588277325	0.01	20.0
pre-train:	2	3	MDO05KXWRT	2Y3I4MTOZM
sampled images from	3	79SWI1W2NZ	278.81381849748357
post-cross-train and match:	2	3	83KR1DDR82	79SWI1W2NZ	0.006374390267614109	0.31423353251300135	0.01	20.0
final cross-match:	0	0	PDRIQHXO0Q	HQIAL7OUVY	0.039503428219223834	0.20074280785090887	0.01	19.999998001947674
final cross-match:	0	1	PDRIQHXO0Q	DUVY9RUD1W	0.039481052139928856	0.18833900734718675	0.01	19.999986228377203
final cross-match:	0	2	PDRIQHXO0Q	H0JZLRO7SM	0.039232127003069876	0.8478248480286426	0.01	20.0
final cross-match:	0	3	PDRIQHXO0Q	79SWI1W2NZ	0.03952262320243982	0.12434326235387626	0.01	19.958777311545916
final cross-match:	1	0	ADBMFYZR2J	HQIAL7OUVY	0.08005127990677921	0.6845744805041153	0.01	20.0
final cross-match:	1	1	ADBMFYZR2J	DUVY9RUD1W	0.0801107296303137	0.7199407048316907	0.01	20.0
final cross-match:	1	2	ADBMFYZR2J	H0JZLRO7SM	0.080103037644551	0.8664706062152188	0.01	20.0
final cross-match:	1	3	ADBMFYZR2J	79SWI1W2NZ	0.08012064236567727	0.7252596958613853	0.01	20.0
final cross-match:	2	0	83KR1DDR82	HQIAL7OUVY	0.0063646952989004826	0.07580956766234913	0.0987622375659899	17.992488181703713
final cross-match:	2	1	83KR1DDR82	DUVY9RUD1W	0.006388813003039818	0.1438565616414491	0.01	19.99491851561024
final cross-match:	2	2	83KR1DDR82	H0JZLRO7SM	0.006379121402179254	0.915275056034263	0.01	20.0
final cross-match:	2	3	83KR1DDR82	79SWI1W2NZ	0.0063808094590965874	0.3112807641945668	0.01	20.0
<<<	cross-train	2020-04-01T00:55:58.580325
>>>	evolve_in_population	['PDRIQHXO0Q', 'ADBMFYZR2J', '83KR1DDR82']	['HQIAL7OUVY', 'DUVY9RUD1W', 'H0JZLRO7SM', '79SWI1W2NZ']	12	2020-04-01T00:55:58.583021
current tag/fitness tables	['PDRIQHXO0Q', 'ADBMFYZR2J', '83KR1DDR82']	['HQIAL7OUVY', 'DUVY9RUD1W', 'H0JZLRO7SM', '79SWI1W2NZ']	[1.0, 1.0, 1.0]	[1.0, 1.0, 1.0, 1.0]
infection attempt:	0	0	PDRIQHXO0Q	HQIAL7OUVY	0.039460970839457724	0.20146379219507105	0.01	19.99999822077299
infection successful, current host state:	[0]	{'HQIAL7OUVY': 0.20146379219507105}	0	0.01
full infection
sampled images from	0	OUWUQ2N97E	132.77226564195814
post-infection	0	0	QNHB752KTZ	OUWUQ2N97E	0.41979818306625016	0.4231750657563525	0.01	20.0
current tag/fitness tables	['QNHB752KTZ', 'ADBMFYZR2J', '83KR1DDR82']	['OUWUQ2N97E', 'DUVY9RUD1W', 'H0JZLRO7SM', '79SWI1W2NZ']	[0.01, 1.0, 1.0]	[20.0, 1.0, 1.0, 1.0]
infection attempt:	2	0	83KR1DDR82	OUWUQ2N97E	0.006399803133661559	0.9710526906732303	0.01	20.0
infection successful, current host state:	[0]	{'OUWUQ2N97E': 0.9710526906732303}	2	0.01
full infection
sampled images from	0	QKO3G36PE1	129.04206662075177
post-infection	2	0	7G9TKG8LNW	QKO3G36PE1	0.4063614653562432	0.3939050253012033	0.01	20.0
current tag/fitness tables	['QNHB752KTZ', 'ADBMFYZR2J', '7G9TKG8LNW']	['QKO3G36PE1', 'DUVY9RUD1W', 'H0JZLRO7SM', '79SWI1W2NZ']	[0.01, 1.0, 0.01]	[20.0, 1.0, 1.0, 1.0]
infection attempt:	1	0	ADBMFYZR2J	QKO3G36PE1	0.08007202918595596	0.89729134214204	0.01	20.0
infection successful, current host state:	[0]	{'QKO3G36PE1': 0.89729134214204}	1	0.01
full infection
sampled images from	0	7NB9QUJRGM	141.51152861643519
post-infection	1	0	WA2CAKKF7O	7NB9QUJRGM	0.40790409726628873	0.5793181652072142	0.01	20.0
current tag/fitness tables	['QNHB752KTZ', 'WA2CAKKF7O', '7G9TKG8LNW']	['7NB9QUJRGM', 'DUVY9RUD1W', 'H0JZLRO7SM', '79SWI1W2NZ']	[0.01, 0.01, 0.01]	[20.0, 1.0, 1.0, 1.0]
infection attempt:	0	0	QNHB752KTZ	7NB9QUJRGM	0.41993517595440594	0.21823102285040977	0.01	19.999999893399693
infection successful, current host state:	[0]	{'7NB9QUJRGM': 0.21823102285040977}	0	0.01
full infection
sampled images from	0	9P2CPD7LK5	124.48237435107097
post-infection	0	0	OCRAY87EZE	9P2CPD7LK5	0.4627371294094301	0.21014723441462274	0.01	19.999999574078927
current tag/fitness tables	['OCRAY87EZE', 'WA2CAKKF7O', '7G9TKG8LNW']	['9P2CPD7LK5', 'DUVY9RUD1W', 'H0JZLRO7SM', '79SWI1W2NZ']	[0.01, 0.01, 0.01]	[19.999999574078927, 1.0, 1.0, 1.0]
infection attempt:	1	0	WA2CAKKF7O	9P2CPD7LK5	0.40788035815966917	0.5669132910811825	0.01	20.0
infection successful, current host state:	[0]	{'9P2CPD7LK5': 0.5669132910811825}	1	0.01
full infection
sampled images from	0	W16AOJJUKV	149.43089117747175
post-infection	1	0	YXZD2ZMO51	W16AOJJUKV	0.5482266647919917	0.39294768304331723	0.01	20.0
current tag/fitness tables	['OCRAY87EZE', 'YXZD2ZMO51', '7G9TKG8LNW']	['W16AOJJUKV', 'DUVY9RUD1W', 'H0JZLRO7SM', '79SWI1W2NZ']	[0.01, 0.01, 0.01]	[20.0, 1.0, 1.0, 1.0]
infection attempt:	1	0	YXZD2ZMO51	W16AOJJUKV	0.5482451043594112	0.39270388435071973	0.01	20.0
infection successful, current host state:	[0]	{'W16AOJJUKV': 0.39270388435071973}	1	0.01
full infection
sampled images from	0	D4BVZY22PP	128.36943388837446
post-infection	1	0	R0PTDME7CK	D4BVZY22PP	0.29544628041385335	0.4886023130879473	0.01	20.0
current tag/fitness tables	['OCRAY87EZE', 'R0PTDME7CK', '7G9TKG8LNW']	['D4BVZY22PP', 'DUVY9RUD1W', 'H0JZLRO7SM', '79SWI1W2NZ']	[0.01, 0.01, 0.01]	[20.0, 1.0, 1.0, 1.0]
infection attempt:	1	0	R0PTDME7CK	D4BVZY22PP	0.29553738509668215	0.49302074875531676	0.01	20.0
infection successful, current host state:	[0]	{'D4BVZY22PP': 0.49302074875531676}	1	0.01
full infection
sampled images from	0	K7WC9VZDW4	137.22237838496667
post-infection	1	0	8N10S4QL2I	K7WC9VZDW4	0.725153783284652	0.01296724319390492	0.01	1.3009538388582782
current tag/fitness tables	['OCRAY87EZE', '8N10S4QL2I', '7G9TKG8LNW']	['K7WC9VZDW4', 'DUVY9RUD1W', 'H0JZLRO7SM', '79SWI1W2NZ']	[0.01, 0.01, 0.01]	[1.3009538388582782, 1.0, 1.0, 1.0]
infection attempt:	0	3	OCRAY87EZE	79SWI1W2NZ	0.4631291852831078	5.36383947460764e-05	0.01	0.05
infection failed, current host state:	[0]	{'9P2CPD7LK5': 0.21014723441462274}	0	0.01
current tag/fitness tables	['OCRAY87EZE', '8N10S4QL2I', '7G9TKG8LNW']	['K7WC9VZDW4', 'DUVY9RUD1W', 'H0JZLRO7SM', '79SWI1W2NZ']	[0.01, 0.01, 0.01]	[1.3009538388582782, 1.0, 1.0, 1.0]
infection attempt:	1	0	8N10S4QL2I	K7WC9VZDW4	0.7249736276103743	0.013040595602538032	0.01	1.3152175454050674
infection successful, current host state:	[0]	{'K7WC9VZDW4': 0.013040595602538032}	1	0.01
full infection
sampled images from	0	TFEHVRE6SZ	113.5450242118738
post-infection	1	0	DSSQJV30Q1	TFEHVRE6SZ	0.059567390220251676	0.10217367146394528	0.01	19.692737049778334
current tag/fitness tables	['OCRAY87EZE', 'DSSQJV30Q1', '7G9TKG8LNW']	['TFEHVRE6SZ', 'DUVY9RUD1W', 'H0JZLRO7SM', '79SWI1W2NZ']	[0.01, 0.01, 0.01]	[19.692737049778334, 1.0, 1.0, 1.0]
infection attempt:	0	0	OCRAY87EZE	TFEHVRE6SZ	0.46269766306445037	0.15431574526340214	0.01	19.998540421262604
infection successful, current host state:	[0]	{'TFEHVRE6SZ': 0.15431574526340214}	0	0.01
full infection
sampled images from	0	ZA1IDDAGDZ	112.25728715074845
post-infection	0	0	83RDY38QUX	ZA1IDDAGDZ	0.1010229407724287	0.3549318893123537	0.01	20.0
current tag/fitness tables	['83RDY38QUX', 'DSSQJV30Q1', '7G9TKG8LNW']	['ZA1IDDAGDZ', 'DUVY9RUD1W', 'H0JZLRO7SM', '79SWI1W2NZ']	[0.01, 0.01, 0.01]	[20.0, 1.0, 1.0, 1.0]
infection attempt:	2	0	7G9TKG8LNW	ZA1IDDAGDZ	0.40631799288650056	0.3672931548247714	0.01	20.0
infection successful, current host state:	[0]	{'ZA1IDDAGDZ': 0.3672931548247714}	2	0.01
full infection
sampled images from	0	IWP8770TBG	94.10679547549753
post-infection	2	0	0ICMK80PHJ	IWP8770TBG	0.1736546020263802	0.5561364028118313	0.01	20.0
current tag/fitness tables	['83RDY38QUX', 'DSSQJV30Q1', '0ICMK80PHJ']	['IWP8770TBG', 'DUVY9RUD1W', 'H0JZLRO7SM', '79SWI1W2NZ']	[0.01, 0.01, 0.01]	[20.0, 1.0, 1.0, 1.0]
infection attempt:	2	0	0ICMK80PHJ	IWP8770TBG	0.17356735258214256	0.5589449944208934	0.01	20.0
infection successful, current host state:	[0]	{'IWP8770TBG': 0.5589449944208934}	2	0.01
full infection
sampled images from	0	QW5441YZKK	109.29513473741585
post-infection	2	0	KV0YN7ERJO	QW5441YZKK	0.09754846580247127	0.4652856648889686	0.01	20.0
current tag/fitness tables	['83RDY38QUX', 'DSSQJV30Q1', 'KV0YN7ERJO']	['QW5441YZKK', 'DUVY9RUD1W', 'H0JZLRO7SM', '79SWI1W2NZ']	[0.01, 0.01, 0.01]	[20.0, 1.0, 1.0, 1.0]
infection attempt:	0	0	83RDY38QUX	QW5441YZKK	0.10093402004699463	0.22270273023259157	0.01	19.99999995155662
infection successful, current host state:	[0]	{'QW5441YZKK': 0.22270273023259157}	0	0.01
full infection
sampled images from	0	FEQELWAJZ1	121.92826231181468
post-infection	0	0	06GZOO2Y0T	FEQELWAJZ1	0.7348534304227656	0.026230417344885976	0.01	4.811806905380048
sampled images from	0	FEQELWAJZ1	123.53614963330813
final cross-match:	0	0	06GZOO2Y0T	FEQELWAJZ1	0.7350016157192462	0.026105294181808417	0.01	4.77197135144169
sampled images from	1	DUVY9RUD1W	243.05707261333083
final cross-match:	0	1	06GZOO2Y0T	DUVY9RUD1W	0.7346214028532063	6.448513441207747e-08	0.01	0.05
sampled images from	2	H0JZLRO7SM	165.77106110883938
final cross-match:	0	2	06GZOO2Y0T	H0JZLRO7SM	0.7351497368835437	5.791016584858058e-06	0.01	0.05
sampled images from	3	79SWI1W2NZ	272.6192333014985
final cross-match:	0	3	06GZOO2Y0T	79SWI1W2NZ	0.7350387440275535	8.93288949392047e-08	0.01	0.05
final cross-match:	1	0	DSSQJV30Q1	FEQELWAJZ1	0.059606985623902604	0.007613709926712456	0.01	0.05
final cross-match:	1	1	DSSQJV30Q1	DUVY9RUD1W	0.05965968915648552	2.7408354808677492e-08	0.01	0.05
final cross-match:	1	2	DSSQJV30Q1	H0JZLRO7SM	0.059651481635026586	1.413517195776116e-06	0.01	0.05
final cross-match:	1	3	DSSQJV30Q1	79SWI1W2NZ	0.059563846158574636	1.547810551700967e-08	0.01	0.05
final cross-match:	2	0	KV0YN7ERJO	FEQELWAJZ1	0.09764011334508721	0.16339025858527562	0.01	19.99953932528282
final cross-match:	2	1	KV0YN7ERJO	DUVY9RUD1W	0.09790366214475651	2.040554012097512e-06	0.01	0.05
final cross-match:	2	2	KV0YN7ERJO	H0JZLRO7SM	0.09797235923026924	0.00018218774697246914	0.01	0.05
final cross-match:	2	3	KV0YN7ERJO	79SWI1W2NZ	0.09821136470542534	1.3084066113597514e-05	0.01	0.05
<<<	evolve_in_population	2020-04-01T01:14:31.268289
<<	chain evolve	2020-04-01T01:14:31.268289
>>	brute-force	5	15	2020-04-01T01:14:31.371212
>>>	brute-force	5	15	2020-04-01T01:14:31.371212
pre-train:	0	0	2J6F4QVD2N	YEKW04HN6R
sampled images from	0	NXRMZ7813I	434.2513021912302
post-cross-train and match:	0	0	6SQPWQENRA	NXRMZ7813I	0.0	1.0	0.01	20.0
pre-train:	1	1	DLK40CCYXS	EAKDJ6MXLX
sampled images from	1	BEKW448219	331.1252709718617
post-cross-train and match:	1	1	FGYHE9QTR0	BEKW448219	0.0	1.0	0.01	20.0
pre-train:	2	2	8V33Y647SO	DBX74QNQ7M
sampled images from	2	CJJOPGXQ4S	154.464929184199
post-cross-train and match:	2	2	RKGPHIGL8V	CJJOPGXQ4S	0.13102349848635414	0.07517591433754481	0.01	17.91417380165629
pre-train:	3	3	GWX4YXWK2V	CJRYN7U5R1
sampled images from	3	6VA81RK1MP	131.1312589328526
post-cross-train and match:	3	3	T4WXYGSHBF	6VA81RK1MP	0.01305769781059802	0.16632487147506367	0.01	19.999687170697285
pre-train:	4	4	06UAU5118B	61V8VGC3E4
sampled images from	4	A6PSGJ82XQ	115.90982822833092
post-cross-train and match:	4	4	NNSITG5E1X	A6PSGJ82XQ	0.0015422762202809868	0.0015450628220053044	0.99904900610573	0.05
<<<	brute-force	2020-04-01T02:12:40.286721
<<	brute-force	2020-04-01T02:12:40.286721
<	run completed	2020-04-01T02:12:40.313724>	run started	2020-04-04T18:26:06.359205
>>	chain evolve	3	4	2020-04-04T18:26:06.364452
>>>	cross-train	['2HR0EGPK3J', 'TXCF1I7U5Z', '4ZV5KPEE9N']	['3HP2FNCAO4', 'V9V4NAP5M6', 'KN1EVM2AIV', 'VNFC7BSC8W']	light	1	2020-04-04T18:26:08.012660
pre-train:	0	0	2HR0EGPK3J	3HP2FNCAO4
sampled images from	0	QY2GYF8AFI	281.40393112351546
post-cross-train and match:	0	0	CO1KUA7ZCJ	QY2GYF8AFI	0.2474806792954646	0.3044395336527814	0.01	19.999999999999996
pre-train:	0	1	CO1KUA7ZCJ	V9V4NAP5M6
sampled images from	1	XL6Q45N1EE	396.44975475859536
post-cross-train and match:	0	1	5HSKUPW2TN	XL6Q45N1EE	0.0	1.0	0.01	20.0
pre-train:	0	2	5HSKUPW2TN	KN1EVM2AIV
sampled images from	2	HHDM8DWNV6	327.68289322378115
post-cross-train and match:	0	2	8EST2C5089	HHDM8DWNV6	0.024591588389390566	0.1427663705273986	0.01	19.99424198422928
pre-train:	0	3	8EST2C5089	VNFC7BSC8W
sampled images from	3	K4T630G3NI	375.63579519794655
post-cross-train and match:	0	3	WNJMB8D9NP	K4T630G3NI	0.12177188792970897	0.04889963355574654	0.01	12.315059698316615
pre-train:	1	0	TXCF1I7U5Z	QY2GYF8AFI
